file	canonical_message_id	source_message_id	date_as_supplied	date_precision	date_sort	subject	newsgroups	source_item	source_archive	sha256	bytes
alt.games.everquest-e44e3bd8aa9af6c468f9c2ae2aaa1ff17b2a13e48101c4fc2ffb4c834dde1193.txt	<#GDbO7Bj#GA.161@upnetnews02.moswest.msn.net>	<#GDbO7Bj#GA.161@upnetnews02.moswest.msn.net>#1/1	1999/04/21	day	1999-04-21T00:00:00+00:00	Re: EverQuest:Follow Up Take	comp.sys.ibm.pc.games.rpg,alt.games.everquest	usenet-uat-pc-games	comp.sys.ibm.pc.games.rpg.usenet.7z	433ac18ed04863b3cbe0011a679261b66d78570b5af131078c2b38b7b143f649	3187
alt.games.everquest-4d672901b3bb61c9fd66bec35796f29923272ffdb57a9840d8010f816cd05a99.txt	<%NeJ2.274$K87.555@wormhole.dimensional.com>	<%NeJ2.274$K87.555@wormhole.dimensional.com>#1/1	1999/03/21	day	1999-03-21T00:00:00+00:00	Re: EQ: Don't get down on people who complain!	alt.games.everquest,comp.sys.ibm.pc.games.rpg	usenet-uat-pc-games	comp.sys.ibm.pc.games.rpg.usenet.7z	625a2b1d0b08ed6313b56cccca8818ee1cbb3067d35c20a55fa2549ece0ad58d	2807
alt.games.everquest-6d0a0b3bc8fc4fb229f2a6936dfbadb8e8f5d1bed3807b0bd9bada97caaba7ec.txt	<%pMs4.6172$gE6.512363@news1.rdc2.tx.home.com>	<%pMs4.6172$gE6.512363@news1.rdc2.tx.home.com>#1/1	2000/02/23	day	2000-02-23T00:00:00+00:00	Re: Current sound cards for gaming and my findings	alt.games.everquest,comp.sys.ibm.pc.games.action,comp.sys.ibm.pc.games.adventure,comp.sys.ibm.pc.games.rpg	usenet-uat-pc-games	comp.sys.ibm.pc.games.action.usenet.7z	27efb4b63545998560f7102bd553905dd354c35cc8aa2db9d756bd0740d5890e	1335
alt.games.everquest-d931ee25599558f1036efe6a935a012aece54125eacd569f090fd3e1ed3bda59.txt	<013e8fba.cf629a17@usw-ex0105-037.remarq.com>	<013e8fba.cf629a17@usw-ex0105-037.remarq.com>#1/1	2000/08/04	day	2000-08-04T00:00:00+00:00	Re: DiabloII_VS_Everquest Poll	alt.games.diablo,alt.games.everquest	usenet-uat-pc-games	alt.games.diablo.usenet.7z	e128cd7fe0ab67ba4f51c8caba3f40b0f9b1c767d7b10318225ef5985071b4dc	928
alt.games.everquest-e8f144d650aa75ce02b5e108585c9820c6be4b52d88b5ff661c3c259f050ae06.txt	<01be12a0$7384c160$064e5c18@cybermax.midsouth.rr.com>	<01be12a0$7384c160$064e5c18@cybermax.midsouth.rr.com>#1/1	1998/11/18	day	1998-11-18T00:00:00+00:00	Re: Call and win 10.000 USD!!!	alt.games.diablo,alt.games.everquest	usenet-uat-pc-games	alt.games.diablo.usenet.7z	cfb48427bb48d361bc86f82aea287f4fbf7a316721978870602afd205f1bbd40	524
alt.games.everquest-342c6190347c32886195220077069689e90660c0a3612d33759ae621f65fafae.txt	<01be716e$4502b860$0100007f@x-static>	<01be716e$4502b860$0100007f@x-static>#1/1	1999/03/18	day	1999-03-18T00:00:00+00:00	Re: Everquest - Early Comments	comp.sys.ibm.pc.games.rpg,alt.games.everquest	usenet-uat-pc-games	comp.sys.ibm.pc.games.rpg.usenet.7z	929b2391c76fb63f126c30d956596abc64d48b6f3df162cdafe5063a83857aa6	3032
alt.games.everquest-52ddbca63d43b344a2fc81c7942eb328463d69f40005ebd111d6c860440e978b.txt	<01be71e9$7e33df80$070847cc@grayeagl>	<01be71e9$7e33df80$070847cc@grayeagl>#1/1	1999/03/19	day	1999-03-19T00:00:00+00:00	Re: Everquest - Early Comments	comp.sys.ibm.pc.games.rpg,alt.games.everquest	usenet-uat-pc-games	comp.sys.ibm.pc.games.rpg.usenet.7z	2fd1c68e2450675c202a16d8afac0ea8f33b1d786cc2a8e17404096b8bd9cae2	1406
alt.games.everquest-85b8d346bd72659b5406dbf3e0bae05c1b8abf59af1a749044ddc435a85e7ab0.txt	<01be73c9$6c290180$2a47800a@joel28>	<01be73c9$6c290180$2a47800a@joel28>#1/1	1999/03/21	day	1999-03-21T00:00:00+00:00	Re: Don't get down on people who complain!	alt.games.everquest,comp.sys.ibm.pc.games.rpg	usenet-uat-pc-games	comp.sys.ibm.pc.games.rpg.usenet.7z	c8b185dd25d1443a17ec84ad8a3c93b0546b9d3c650a239472c3205bee45d49d	860
alt.games.everquest-a92c1e17d035ef5b8101d48b9ed335079d082e36705e8f0c2cd1a4115d61798d.txt	<01be75e5$df0ec400$c70201c0@dell40>	<01be75e5$df0ec400$c70201c0@dell40>#1/1	1999/03/24	day	1999-03-24T00:00:00+00:00	Re: EQ: Don't get down on people who complain!	alt.games.everquest,comp.sys.ibm.pc.games.rpg	usenet-uat-pc-games	comp.sys.ibm.pc.games.rpg.usenet.7z	c903ca2f32a6edd6ccff1020f8bcd218ad7875ceb59144b15da7bce6b27dec57	3122
alt.games.everquest-9d1a65dad2f40ef833ec7cd6d7b4fbd175dc6a947659945d535170f6220b86fc.txt	<01be76aa$f66fea00$c70201c0@dell40>	<01be76aa$f66fea00$c70201c0@dell40>#1/1	1999/03/25	day	1999-03-25T00:00:00+00:00	Re: EQ: Don't get down on people who complain!	alt.games.everquest,comp.sys.ibm.pc.games.rpg	usenet-uat-pc-games	comp.sys.ibm.pc.games.rpg.usenet.7z	08a8c136de7ac5ce633e210172dbbb8ce39ac3345b20bb2f3c05bc125d6ea568	5367
alt.games.everquest-031c582131ea0e050b3605adf7de70bc5cde8e7970343287145df23dadc646a2.txt	<01be7a94$068858e0$c70201c0@dell40>	<01be7a94$068858e0$c70201c0@dell40>#1/1	1999/03/30	day	1999-03-30T00:00:00+00:00	Re: EQ: Don't get down on people who complain!	alt.games.everquest,comp.sys.ibm.pc.games.rpg	usenet-uat-pc-games	comp.sys.ibm.pc.games.rpg.usenet.7z	849509b003fa1230c493ef58df88fdee09e88fce3011f5262e91d7cdf7cec152	4497
alt.games.everquest-70d5a3a84e74e6ccd29ee73137974a2df5cb2d5c6a61b2db33187bca719ca610.txt	<01bea63e$e69ec2e0$61085d18@mojo.rochester.rr.com>	<01bea63e$e69ec2e0$61085d18@mojo.rochester.rr.com>#1/1	1999/05/24	day	1999-05-24T00:00:00+00:00	"Re: another ""Wish I had done something else"" EQ Night"	alt.games.everquest,comp.sys.ibm.pc.games.rpg	usenet-uat-pc-games	comp.sys.ibm.pc.games.rpg.usenet.7z	1b8114221bfdf05735a6de98d722d1d6bfa5f509cd4dd8bb251ef97446049440	2916
alt.games.everquest-90bd498720f525289a9aef85a71243204a3866c1949768678ceb9f0f05f2f2d4.txt	<08338a94.e5d0e22b@usw-ex0105-035.remarq.com>	<08338a94.e5d0e22b@usw-ex0105-035.remarq.com>#1/1	2000/08/04	day	2000-08-04T00:00:00+00:00	Re: DiabloII_VS_Everquest Poll	alt.games.diablo,alt.games.everquest	usenet-uat-pc-games	alt.games.diablo.usenet.7z	d8f4f9c3938d5d5b872cb84ad0160a60fc6f8398014466cf98c1e42df8218045	1000
alt.games.everquest-0b326303792cbdbbb1fa948873a56cb3ec2d6d1d67e7f9446c07dd78e86fe5a6.txt	<12c44c90.3d4c9289@usw-ex0104-032.remarq.com>	<12c44c90.3d4c9289@usw-ex0104-032.remarq.com>#1/1	2000/08/13	day	2000-08-13T00:00:00+00:00	Re: DiabloII_VS_Everquest Poll	alt.games.diablo,alt.games.everquest	usenet-uat-pc-games	alt.games.diablo.usenet.7z	ec00fd3b66a534542a59b74c9daed0c371d9cf5d23e5c225b875989f0c509f99	985
alt.games.everquest-43db25c25299146dec10192f9f5ea989d728c12512a228c1bd8e925314cf6df3.txt	<173722B9AC7693EF.EDD5798DA788D977.AD3E8EAE2D4B3C7C@library-proxy.airnews.net>	<173722B9AC7693EF.EDD5798DA788D977.AD3E8EAE2D4B3C7C@library-proxy.airnews.net>#1/1	1999/04/01	day	1999-04-01T00:00:00+00:00	Re: EQ: Some newbie-ish questions	comp.sys.ibm.pc.games.rpg,alt.games.everquest	usenet-uat-pc-games	comp.sys.ibm.pc.games.rpg.usenet.7z	9b147a06bab3fb2ed24478e54bc058573708e2ea1620a238cad3c5a98afff437	2880
alt.games.everquest-ae9319e0625399ff00f3959afc4bb4dd3af2049d5835b749a4f804ef91125f84.txt	<1CdJ2.10350$_k1.7239@news.chello.at>	<1CdJ2.10350$_k1.7239@news.chello.at>#1/1	1999/03/21	day	1999-03-21T00:00:00+00:00	Re: Don't get down on people who complain!	alt.games.everquest,comp.sys.ibm.pc.games.rpg	usenet-uat-pc-games	comp.sys.ibm.pc.games.rpg.usenet.7z	16f2be6584d175d4c2d2a957ac923c145edbd9df1cf2236cef2eb1835f9ee061	1554
alt.games.everquest-f5bb0b55439044c0e8d3c82006a307ccb8dc9fddc8559fc88e93691c3aab5005.txt	<29Lp4.24137$Nv1.2413883@news1.rdc2.tx.home.com>	<29Lp4.24137$Nv1.2413883@news1.rdc2.tx.home.com>#1/1	2000/02/14	day	2000-02-14T00:00:00+00:00	Re: Latest on legislation directly afffecting you as a software consumer	alt.games.everquest,comp.sys.ibm.pc.games.rpg,comp.sys.ibm.pc.games.strategic	usenet-uat-pc-games	comp.sys.ibm.pc.games.rpg.usenet.7z	5753eb48f0ea448ad0631031fceea7388647097cf7bbe138fa871b5fff47ccde	2754
alt.games.everquest-0ae593d7458c26039a15d824ea85605f3863438d89b8b63d564798ce0a11ea5b.txt	<2CD9BF5E5EFF7BAE.48E97D5D0A662B98.01946A1DBF66CA40@library-proxy.airnews.net>	<2CD9BF5E5EFF7BAE.48E97D5D0A662B98.01946A1DBF66CA40@library-proxy.airnews.net>#1/1	1999/04/02	day	1999-04-02T00:00:00+00:00	Re: EQ: Some newbie-ish questions	comp.sys.ibm.pc.games.rpg,alt.games.everquest	usenet-uat-pc-games	comp.sys.ibm.pc.games.rpg.usenet.7z	b3386c1521bb2939b1b28b9cbd448cb5947fd5c9693f90ee88bebb231ecddc00	1889
alt.games.everquest-35423b2390c9cf5bacadab2e00682bd5dcc8d1191ef6f27c20cded573eb6dc45.txt	<3664712E.60461DFD@mediaone.net>	<3664712E.60461DFD@mediaone.net>#1/1	1998/12/01	day	1998-12-01T00:00:00+00:00	Re: Hah! I've proven argument from Design!	alt.games.diablo,alt.games.everquest,alt.games.final-fantasy	usenet-uat-pc-games	alt.games.diablo.usenet.7z	f2f4b6b91ab090f7a1e499ed930fc151391e995726438f78c2113ebaf6725c6a	2407
alt.games.everquest-f0cc32f900ce4fb28a51f999f08b96551748145c98f5139f9021b25f42cc8e9f.txt	<36F160CB.8A26C568@ix.netcom.com>	<36F160CB.8A26C568@ix.netcom.com>#1/1	1999/03/18	day	1999-03-18T00:00:00+00:00	Re: Everquest - Total Newbie Q	comp.sys.ibm.pc.games.rpg,alt.games.everquest	usenet-uat-pc-games	comp.sys.ibm.pc.games.rpg.usenet.7z	c04ec51d6ad64c202630a2343e5bc7c694b51fab40f6fd5bf7995c4cf96e72f9	1043
alt.games.everquest-e4748732584a3633d2d57d77eddc32aee4433caeb8056fd6e5d0d8a5475f42b3.txt	<36F539DD.4A140378@earthlink.net>	<36F539DD.4A140378@earthlink.net>#1/1	1999/03/21	day	1999-03-21T00:00:00+00:00	Re: Don't get down on people who complain!	alt.games.everquest,comp.sys.ibm.pc.games.rpg	usenet-uat-pc-games	comp.sys.ibm.pc.games.rpg.usenet.7z	23982982988521c1fc7feade192d2f84e9e1eb04c9aaf8be18394dd3c5865979	979
alt.games.everquest-4a3428653d329fb796250e04ff793ed0fa3527608cf0b14f592b13839f34918a.txt	<36F92A73.DC7360CB@nmt.edu>	<36F92A73.DC7360CB@nmt.edu>#1/1	1999/03/24	day	1999-03-24T00:00:00+00:00	Re: EQ: Don't get down on people who complain!	alt.games.everquest,comp.sys.ibm.pc.games.rpg	usenet-uat-pc-games	comp.sys.ibm.pc.games.rpg.usenet.7z	8fbbc1436543d1f83a543c541831c869f849b55e3b1edc4ecb9b4ad585587e21	3392
alt.games.everquest-3708d6ce7a20d90f987d6646ffbf9bbcdf8808284cd1d2e528943085807252a6.txt	<36FA73A5.81715D61@nmt.edu>	<36FA73A5.81715D61@nmt.edu>#1/1	1999/03/25	day	1999-03-25T00:00:00+00:00	Re: EQ: Don't get down on people who complain!	alt.games.everquest,comp.sys.ibm.pc.games.rpg	usenet-uat-pc-games	comp.sys.ibm.pc.games.rpg.usenet.7z	e34a6829bec688e2b2ae3996948adbbd9d47ef1883c48f38dd94baa3312275ce	3730
alt.games.everquest-12abdddd200e4f8d2a1524aaa0037ba786417feb8c4c5477523e97de3760b890.txt	<36f14ace.0@news.avenew.com>	<36f14ace.0@news.avenew.com>#1/1	1999/03/18	day	1999-03-18T00:00:00+00:00	Re: Everquest - Early Comments	comp.sys.ibm.pc.games.rpg,alt.games.everquest	usenet-uat-pc-games	comp.sys.ibm.pc.games.rpg.usenet.7z	e633172b342cdabd81f6c30bed54bd6722132333687d366e8a2ce5fd0e7daa33	5053
alt.games.everquest-ccfa4d8260d5b0aeddd5ae2689bd2d76a2cb877fe8cc042556963281fc102fe6.txt	<36f16501.9315098@news.rdc1.va.home.com>	<36f16501.9315098@news.rdc1.va.home.com>#1/1	1999/03/18	day	1999-03-18T00:00:00+00:00	Re: Everquest - Total Newbie Q	comp.sys.ibm.pc.games.rpg,alt.games.everquest	usenet-uat-pc-games	comp.sys.ibm.pc.games.rpg.usenet.7z	6048ff1b72e330772d821872d584330eb90ea9d846b3c0d823552b0485f4275e	1187
alt.games.everquest-664d03fe2542c724e21a31f6f2121199795ac161931c349474b885ced2991d77.txt	<36f172ac.63548561@news.earthlink.net>	<36f172ac.63548561@news.earthlink.net>#1/1	1999/03/18	day	1999-03-18T00:00:00+00:00	Re: Everquest - Early Comments	comp.sys.ibm.pc.games.rpg,alt.games.everquest	usenet-uat-pc-games	comp.sys.ibm.pc.games.rpg.usenet.7z	21f0785d28288cb3d8b8875c1068f45e8e5ed8fd0bdb3584470809c88f22404f	1098
alt.games.everquest-bfed715b5eb400b985e80ccca1fda6bb84f17cd449f0b9299e52bd003cd43a59.txt	<36f25e0f.0@news.avenew.com>	<36f25e0f.0@news.avenew.com>#1/1	1999/03/19	day	1999-03-19T00:00:00+00:00	Re: Everquest - Early Comments	comp.sys.ibm.pc.games.rpg,alt.games.everquest	usenet-uat-pc-games	comp.sys.ibm.pc.games.rpg.usenet.7z	a100aa5a0486a54bb6c5a1144d14f62bc6c743db6e2fa8f36fb9b84e64401738	1409
alt.games.everquest-e3e38d4d34fb36b8c2184ea49d594a87b50dbb4c61b66393c55f626b21cb2b5f.txt	<36f28025.0@news.avenew.com>	<36f28025.0@news.avenew.com>#1/1	1999/03/19	day	1999-03-19T00:00:00+00:00	Re: Everquest - Early Comments	comp.sys.ibm.pc.games.rpg,alt.games.everquest	usenet-uat-pc-games	comp.sys.ibm.pc.games.rpg.usenet.7z	d717a37cbaebc4a083590cff1db32154cbf086034de52f27eaba88415ecc518e	2527
alt.games.everquest-be92755a84e545136b46cfb7245b933b9b81249d32da307dea2f9a871bcb7cf3.txt	<36f5f3d9.13876070@news.earthlink.net>	<36f5f3d9.13876070@news.earthlink.net>#1/1	1999/03/19	day	1999-03-19T00:00:00+00:00	Re: Everquest - Early Comments	comp.sys.ibm.pc.games.rpg,alt.games.everquest	usenet-uat-pc-games	comp.sys.ibm.pc.games.rpg.usenet.7z	f25d6b140106cf27e67f2256a3724141ce621f72d2745e016676b737511853a3	4692
alt.games.everquest-e4aa1a4d0c92d30638ccd382db85b21ca089a0ca5643ad1001269453be9b6a4d.txt	<36f66723.208066962@news.enteract.com>	<36f66723.208066962@news.enteract.com>#1/1	1999/03/21	day	1999-03-21T00:00:00+00:00	Re: Don't get down on people who complain!	alt.games.everquest,comp.sys.ibm.pc.games.rpg	usenet-uat-pc-games	comp.sys.ibm.pc.games.rpg.usenet.7z	f8776a797a4dfc48a35da0191442c0107949d27c8225fa3457caa56b4e1c8106	1075
alt.games.everquest-0197cdda972f4486b6c5d66b2f6a0913c874c9b04dae67f1d2ebe24c72e3b933.txt	<36f6ba65.9087001@news.mindspring.com>	<36f6ba65.9087001@news.mindspring.com>#1/1	1999/03/19	day	1999-03-19T00:00:00+00:00	Re: Everquest - Early Comments	comp.sys.ibm.pc.games.rpg,alt.games.everquest	usenet-uat-pc-games	comp.sys.ibm.pc.games.rpg.usenet.7z	dae921e2dba181c45ccd8f967443c4c4deeebd4a1133e09e9789b5fc406a4ae9	978
alt.games.everquest-f5bce9186b9c767102be0d160a2616ee031c7449616ade0bcb4c02283116bb77.txt	<36f6e1ae.23159045@news1.newscene.com>	<36f6e1ae.23159045@news1.newscene.com>#1/1	1999/03/22	day	1999-03-22T00:00:00+00:00	Re: Don't get down on people who complain!	alt.games.everquest,comp.sys.ibm.pc.games.rpg	usenet-uat-pc-games	comp.sys.ibm.pc.games.rpg.usenet.7z	e02db96aa63816bc049d0f1811f3d420507f27c13775b61ccaae105085db6a98	846
alt.games.everquest-0713cad5989cf6a1afce315ea24f8c03253638de534b84e26133670c09a690f8.txt	<36f86f60.95169936@news.one.net>	<36f86f60.95169936@news.one.net>#1/1	1999/03/24	day	1999-03-24T00:00:00+00:00	Re: Don't get down on people who complain!	alt.games.everquest,comp.sys.ibm.pc.games.rpg	usenet-uat-pc-games	comp.sys.ibm.pc.games.rpg.usenet.7z	88efb4d7a54bb17ecaa19642ad1698fa2691286861580bbee034a69650e9b4cf	1560
alt.games.everquest-90032401493d4d4ab55b0d1b34a448205a31ccf8203b2249b6f313ffe0a608da.txt	<36f94691.199727622@news.enteract.com>	<36f94691.199727622@news.enteract.com>#1/1	1999/03/21	day	1999-03-21T00:00:00+00:00	Re: Don't get down on people who complain!	alt.games.everquest,comp.sys.ibm.pc.games.rpg	usenet-uat-pc-games	comp.sys.ibm.pc.games.rpg.usenet.7z	2d0c3f29018fee8e2e4bf964ff06b117cd4daf58525746128e0e17f7497827d5	912
alt.games.everquest-ce1fed4ce1c61358e2c79aff94adcef000091fd196c39801eba6ec2e9d5ee5fc.txt	<3703acf4.9717815@news.mbnet.mb.ca>	<3703acf4.9717815@news.mbnet.mb.ca>#1/1	1999/04/01	day	1999-04-01T00:00:00+00:00	Re: EQ: Some newbie-ish questions	comp.sys.ibm.pc.games.rpg,alt.games.everquest	usenet-uat-pc-games	comp.sys.ibm.pc.games.rpg.usenet.7z	afbee336267f56e0256f8e9254b5933bb0c99d56d61470b7de38d579469434ad	3578
alt.games.everquest-982907b0f517f32fb78e587e1c4c16806979ee74a202d851fc64481eadd56414.txt	<3703eb45.0@news.isdn.net>	<3703eb45.0@news.isdn.net>#1/1	1999/04/01	day	1999-04-01T00:00:00+00:00	Re: EQ: Some newbie-ish questions	comp.sys.ibm.pc.games.rpg,alt.games.everquest	usenet-uat-pc-games	comp.sys.ibm.pc.games.rpg.usenet.7z	ac363c32c3e182bb8992c8f54fd07db351a6b3e8bcd86c77f2599b955c23ef83	2834
alt.games.everquest-0ccfc9b46a544cd70b218778439b6979c0f37c498c3b470839ee62cc54c83d9a.txt	<3706E721.B1B8D158@home.com>	<3706E721.B1B8D158@home.com>#1/1	1999/04/04	day	1999-04-04T00:00:00+00:00	Re: I want EQ, but have questions first. Please help!	alt.games.everquest,comp.sys.ibm.pc.games.rpg	usenet-uat-pc-games	comp.sys.ibm.pc.games.rpg.usenet.7z	7ca3db85e681acf5440b6b29d516f03a25874c1c08d29d5b56b0d0d2b2ef006f	1291
alt.games.everquest-9440b5eb5923f8aaee44c90745c1b1e415698af04c5ba7e8d7b8c581ac0bec6f.txt	<370B0332.74ED2ACF@earthlink.net>	<370B0332.74ED2ACF@earthlink.net>#1/1	1999/04/07	day	1999-04-07T00:00:00+00:00	Re: I want EQ, but have questions first. Please help!	alt.games.everquest,comp.sys.ibm.pc.games.rpg	usenet-uat-pc-games	comp.sys.ibm.pc.games.rpg.usenet.7z	5a00c99566aadcaf6fe1b04c1d6c4b0f0a2033647d72d7293216a1eb3a372e5f	1982
alt.games.everquest-1f141e21f785531162215db70d80fb8adb15376011d6ee0c0ed27c9cc263a5b4.txt	<370a406b.14280514@news.fuse.net>	<370a406b.14280514@news.fuse.net>#1/1	1999/04/06	day	1999-04-06T00:00:00+00:00	Re: EQ: Some newbie-ish questions	comp.sys.ibm.pc.games.rpg,alt.games.everquest	usenet-uat-pc-games	comp.sys.ibm.pc.games.rpg.usenet.7z	ba65fe8946a2fd1aa98070041424c884c51c459d731931c0bccd87c1d3c42a2b	1334
alt.games.everquest-8e368ae83ec0eab710b6ba079ea745cec728e9ac07830a5b9aec8d420b10b567.txt	<371CE071.5BB1570C@sybase.com>	<371CE071.5BB1570C@sybase.com>#1/1	1999/04/20	day	1999-04-20T00:00:00+00:00	Re: EverQuest:Follow Up Take	comp.sys.ibm.pc.games.rpg,alt.games.everquest	usenet-uat-pc-games	comp.sys.ibm.pc.games.rpg.usenet.7z	6605af20a8a45042dee105344d8e470b197d178bbf0d5d7c0fd859b0eb82c090	1103
alt.games.everquest-157f366ce11ee34decfc9247498f21fafce3467656fb176a0bb82f6f2be3e583.txt	<371CE559.67E909CA@what-to-do.integritysi.com>	<371CE559.67E909CA@what-to-do.integritysi.com>#1/1	1999/04/20	day	1999-04-20T00:00:00+00:00	Re: EverQuest:Follow Up Take	comp.sys.ibm.pc.games.rpg,alt.games.everquest	usenet-uat-pc-games	comp.sys.ibm.pc.games.rpg.usenet.7z	9ebcb4ea5237f3d43fc7cb99d003dcdbad3a4aa02fb5a2dfc1b57b424e290812	1194
alt.games.everquest-03bfbb9de84770ee13322e766d7644e83deb019032d4e3ba801db7f0d213688f.txt	<371CEBA3.2CF7D59C@nmt.edu>	<371CEBA3.2CF7D59C@nmt.edu>#1/1	1999/04/20	day	1999-04-20T00:00:00+00:00	Re: EverQuest:Follow Up Take	comp.sys.ibm.pc.games.rpg,alt.games.everquest	usenet-uat-pc-games	comp.sys.ibm.pc.games.rpg.usenet.7z	46b7bd499031757715b60e703900c9dcbb1fe0696594fe158797ac327572a6c8	2009
alt.games.everquest-afbaf7d2e5ec35aebb3c36029b03fc905b151f8f81eb698535682c6beb5b7e13.txt	<371D33EC.E9C188BE@what-to-do.integritysi.com>	<371D33EC.E9C188BE@what-to-do.integritysi.com>#1/1	1999/04/20	day	1999-04-20T00:00:00+00:00	Re: EverQuest:Follow Up Take	comp.sys.ibm.pc.games.rpg,alt.games.everquest	usenet-uat-pc-games	comp.sys.ibm.pc.games.rpg.usenet.7z	b114649f6171aad6d3c34c7026ed5c5ceff2337c7ff0c9c56175c76f12425c26	1156
alt.games.everquest-9ca4f3a05e9d320f3032d4b6516406e79e6764bbbdb7bdb118852697689adcc3.txt	<371D344C.51849483@what-to-do.integritysi.com>	<371D344C.51849483@what-to-do.integritysi.com>#1/1	1999/04/20	day	1999-04-20T00:00:00+00:00	Re: EverQuest:Follow Up Take	comp.sys.ibm.pc.games.rpg,alt.games.everquest	usenet-uat-pc-games	comp.sys.ibm.pc.games.rpg.usenet.7z	6af0c7ea912901eec1af4cffdadf0fdd68b3cd0b55da44f556d41a1421295056	1236
alt.games.everquest-6cb167213eb607a42e9cc9c979effedb76bc520a55d5a883ee95b40493241a18.txt	<371E050F.BD355094@nmt.edu>	<371E050F.BD355094@nmt.edu>#1/1	1999/04/21	day	1999-04-21T00:00:00+00:00	Re: EverQuest:Follow Up Take	comp.sys.ibm.pc.games.rpg,alt.games.everquest	usenet-uat-pc-games	comp.sys.ibm.pc.games.rpg.usenet.7z	e76486103f77ea3c613e2addb28baec40766090bbbbdaea1d498a47db665934d	2171
alt.games.everquest-b82fdc9d9ce29d1936e6e39a4ad6a175f4d5731e10cfd2df962de72f6ef63c35.txt	<371E1372.DD4D5F84@what-to-do.integritysi.com>	<371E1372.DD4D5F84@what-to-do.integritysi.com>#1/1	1999/04/21	day	1999-04-21T00:00:00+00:00	Re: EverQuest:Follow Up Take	comp.sys.ibm.pc.games.rpg,alt.games.everquest	usenet-uat-pc-games	comp.sys.ibm.pc.games.rpg.usenet.7z	1c50a864549c7e59e14f367d11dd3567489c51b41003e62dd9c01d8eb80a5f09	2412
alt.games.everquest-650580cf958bb03646f1231809097baae9759229820523272d8b4fa91390db19.txt	<371c631f.0@news.primary.net>	<371c631f.0@news.primary.net>	1999/04/20	day	1999-04-20T00:00:00+00:00	Re: EverQuest:Follow Up Take	comp.sys.ibm.pc.games.rpg,alt.games.everquest	usenet-uat-pc-games	comp.sys.ibm.pc.games.rpg.usenet.7z	65cf2b64b63f843e6fb5285859310fe17f2d514c32de6047a1afa55e8c8ce51e	11170
alt.games.everquest-5427762e7a5396568647bab44637bea7f1f2614f56b04958bba203a3142f85b7.txt	<371cd0f4@calwebnnrp>	<371cd0f4@calwebnnrp>#1/1	1999/04/20	day	1999-04-20T00:00:00+00:00	Re: EverQuest:Follow Up Take	comp.sys.ibm.pc.games.rpg,alt.games.everquest	usenet-uat-pc-games	comp.sys.ibm.pc.games.rpg.usenet.7z	26e2837558ad559d5f9c089eeb2ded8fcb4340a783b922abfbcd78dc33412892	1446
alt.games.everquest-7bf5c44a19b10b26de8a44d087d6b934fdd9621a09fa3b6f95f5451692476b5f.txt	<371cd4d7.0@news.primary.net>	<371cd4d7.0@news.primary.net>#1/1	1999/04/20	day	1999-04-20T00:00:00+00:00	Re: EverQuest:Follow Up Take	comp.sys.ibm.pc.games.rpg,alt.games.everquest	usenet-uat-pc-games	comp.sys.ibm.pc.games.rpg.usenet.7z	7ffcccef9a7cfcf31fed06d37147d66ff99364f363e6bdcfe484862baa3c3e86	1946
alt.games.everquest-58281cb870cf2a7b6a1a4be8d8bfb2796f959dc6518e40489a154a31151b824e.txt	<371ce4e4.1537964@news.io.com>	<371ce4e4.1537964@news.io.com>#1/1	1999/04/20	day	1999-04-20T00:00:00+00:00	Re: EverQuest:Follow Up Take	comp.sys.ibm.pc.games.rpg,alt.games.everquest	usenet-uat-pc-games	comp.sys.ibm.pc.games.rpg.usenet.7z	6466296dc97bb3a29833b123ef675844421ecbb96cbc5b7b7c8a0c7c03707db6	1754
alt.games.everquest-c14e5e2be74610074aea026de7baf9095ece28c04c6164199809beaae22a5605.txt	<371cf415.0@news.primary.net>	<371cf415.0@news.primary.net>#1/1	1999/04/20	day	1999-04-20T00:00:00+00:00	Re: EverQuest:Follow Up Take	comp.sys.ibm.pc.games.rpg,alt.games.everquest	usenet-uat-pc-games	comp.sys.ibm.pc.games.rpg.usenet.7z	f29e3d9b3d6839dbc3e5babeb57d96ce1719517b082b37771f9b6417c9b60899	1703
alt.games.everquest-764ef6c624b454b7d6978593c7ec76c704c768ff2efcd13933dd3ac498040ff1.txt	<371cf4ec.0@news.primary.net>	<371cf4ec.0@news.primary.net>#1/1	1999/04/20	day	1999-04-20T00:00:00+00:00	Re: EverQuest:Follow Up Take	comp.sys.ibm.pc.games.rpg,alt.games.everquest	usenet-uat-pc-games	comp.sys.ibm.pc.games.rpg.usenet.7z	ecd5e391ad7e8bec5ede8fd9b1df03acdd253e277b8dfb56dc18f0e680a86480	2423
alt.games.everquest-127f8074d890a16011efa9bc06873ac0909f8f849d0e16097a5136e9606d1021.txt	<371cf588.0@news.primary.net>	<371cf588.0@news.primary.net>#1/1	1999/04/20	day	1999-04-20T00:00:00+00:00	Re: EverQuest:Follow Up Take	comp.sys.ibm.pc.games.rpg,alt.games.everquest	usenet-uat-pc-games	comp.sys.ibm.pc.games.rpg.usenet.7z	3e915071bd2c91346c26256f34cddc10e009166111d4c501a629504a91f749c0	1921
alt.games.everquest-fdf6168658775c88501df7651d0546d4d445b304453d13117399f033007af5f4.txt	<371d1147.48439804@news.prodigy.net>	<371d1147.48439804@news.prodigy.net>#1/1	1999/04/20	day	1999-04-20T00:00:00+00:00	Re: EverQuest:Follow Up Take	comp.sys.ibm.pc.games.rpg,alt.games.everquest	usenet-uat-pc-games	comp.sys.ibm.pc.games.rpg.usenet.7z	cb6637401bb5b68a7d65472200ecc9afb58bd7275cda259785d0ef47b5116721	1620
alt.games.everquest-29e290d335e98c48ff42d7de721b9fa77a0727bed32907c148c93613a310ad2c.txt	<371dc26b.352517462@news.io.com>	<371dc26b.352517462@news.io.com>	1999/04/20	day	1999-04-20T00:00:00+00:00	Re: EverQuest:Follow Up Take	comp.sys.ibm.pc.games.rpg,alt.games.everquest	usenet-uat-pc-games	comp.sys.ibm.pc.games.rpg.usenet.7z	567fba982776491949f0d53a482ecd8b5bbee5626570a933f6cce08cb7c4d68a	10120
alt.games.everquest-a61c93a40005253a820eac96d387c3e43936ff919dac919b3f782c2ad7148788.txt	<371de59b.1721008@news.io.com>	<371de59b.1721008@news.io.com>#1/1	1999/04/20	day	1999-04-20T00:00:00+00:00	Re: EverQuest:Follow Up Take	comp.sys.ibm.pc.games.rpg,alt.games.everquest	usenet-uat-pc-games	comp.sys.ibm.pc.games.rpg.usenet.7z	310cfc1731efab6f8957a7163eb46cfc458334555c759e1f56c98d86bba8ef2b	1589
alt.games.everquest-1ddf31cd777657583ab09a53df6272f63a143d9df75ce1183747b77be007b53d.txt	<371e0a3a@calwebnnrp>	<371e0a3a@calwebnnrp>#1/1	1999/04/21	day	1999-04-21T00:00:00+00:00	Re: EverQuest:Follow Up Take	comp.sys.ibm.pc.games.rpg,alt.games.everquest	usenet-uat-pc-games	comp.sys.ibm.pc.games.rpg.usenet.7z	117d0d9f1728324789c882e0defe6e42b873b68a35e1afdd53d7ebef297d79a2	1149
alt.games.everquest-40eccb15516afc87454ab34ec24fac6318cd29fb29686eda797223838b5a4f68.txt	<371f4722@news.avenew.com>	<371f4722@news.avenew.com>#1/1	1999/04/22	day	1999-04-22T00:00:00+00:00	Re: EverQuest:Follow Up Take	comp.sys.ibm.pc.games.rpg,alt.games.everquest	usenet-uat-pc-games	comp.sys.ibm.pc.games.rpg.usenet.7z	be5cbca89f3a74898b2857ddcc9563597b21b93658e66d747062555f3109c900	3652
alt.games.everquest-f40465d2e4fea86f6dea6a973c65f5fd946af19ac5ca4b988a7317c76bad4377.txt	<371f6268.94654196@news.io.com>	<371f6268.94654196@news.io.com>	1999/04/22	day	1999-04-22T00:00:00+00:00	Re: EverQuest:Follow Up Take	comp.sys.ibm.pc.games.rpg,alt.games.everquest	usenet-uat-pc-games	comp.sys.ibm.pc.games.rpg.usenet.7z	c23e3082b56d6f2d8efaf555ecf89d20e754a8cba41d7e0439a9fe04c7b72506	8975
alt.games.everquest-392b29f20a62eb36393d83a65996fa0161c4df8d629973dcd6f541c7fd0f1ab9.txt	<3722031C.F0D9C194@erols.com>	<3722031C.F0D9C194@erols.com>#1/1	1999/04/24	day	1999-04-24T00:00:00+00:00	Re: 14 days and still NO SUPPORT for EQ	alt.games.everquest,comp.sys.ibm.pc.games.rpg	usenet-uat-pc-games	comp.sys.ibm.pc.games.rpg.usenet.7z	50de0605044541ae2e1e403c49d58bd1a212f2c39e5af39b17e2c327668ec36a	1564
alt.games.everquest-855df909c096b63b6469b026933fa2031e38db3b44edb5ed0670d1f71af694ff.txt	<37220457.371C78DF@erols.com>	<37220457.371C78DF@erols.com>#1/1	1999/04/24	day	1999-04-24T00:00:00+00:00	Re: 14 days and still NO SUPPORT for EQ	alt.games.everquest,comp.sys.ibm.pc.games.rpg	usenet-uat-pc-games	comp.sys.ibm.pc.games.rpg.usenet.7z	76d8a51d72274695a88b20edf0e2c0fb4cb23679cfa9d00c0ad656036c45ea0e	2064
alt.games.everquest-fcc6db96944d26579302a8bdc9916e0dcda4128af8060214856033b74ff20309.txt	<3722b255.4507203@news.supernews.com>	<3722b255.4507203@news.supernews.com>#1/1	1999/04/23	day	1999-04-23T00:00:00+00:00	Re: EverQuest:Follow Up Take	comp.sys.ibm.pc.games.rpg,alt.games.everquest	usenet-uat-pc-games	comp.sys.ibm.pc.games.rpg.usenet.7z	7a510f12c1c7a43275816eca5eb63ec5e8cabd61b070634f7a9dd354f13ec5e0	1959
alt.games.everquest-337edf31870b3f4ec3f57cd48ec23a06595c14d0e9e678beb60f766a0cfd6f29.txt	<37239E1F.69FD485C@nmt.edu>	<37239E1F.69FD485C@nmt.edu>#1/1	1999/04/25	day	1999-04-25T00:00:00+00:00	Re: 14 days and still NO SUPPORT for EQ	alt.games.everquest,comp.sys.ibm.pc.games.rpg	usenet-uat-pc-games	comp.sys.ibm.pc.games.rpg.usenet.7z	5e692e9813b0b851970b0faa36c7034512e9dbb2eed85165fa8d5cffd289875c	1833
alt.games.everquest-227dfd27e2db52e17120a67d9d4fb0bf54cb71bb5c55552240ea34f4a112ce2b.txt	<37248AE2.8C80D14B@ns.gemlink.com>	<37248AE2.8C80D14B@ns.gemlink.com>#1/1	1999/04/26	day	1999-04-26T00:00:00+00:00	Re: 14 days and still NO SUPPORT for EQ	alt.games.everquest,comp.sys.ibm.pc.games.rpg	usenet-uat-pc-games	comp.sys.ibm.pc.games.rpg.usenet.7z	4e92131e8ade784595a0e9820c2815d85ea1833415c9c9a7219fd33e503e780f	1136
alt.games.everquest-be5b99ee9d0f9e5a4628d31d9aff362a181cf57d4cee3641858b04e14ab77b5a.txt	<3724B648.8BCDCE97@nmt.edu>	<3724B648.8BCDCE97@nmt.edu>#1/1	1999/04/26	day	1999-04-26T00:00:00+00:00	Re: 14 days and still NO SUPPORT for EQ	alt.games.everquest,comp.sys.ibm.pc.games.rpg	usenet-uat-pc-games	comp.sys.ibm.pc.games.rpg.usenet.7z	6cc01461940efd705773a81cbebc663960db0b69ca84dc56a6eddab38b58c1d8	2205
alt.games.everquest-7f81c63ca2134f98b02e75a83efc7783a740bcae00d7c4fdbba2351c603edf27.txt	<3724B7C9.85C4FC1A@what-to-do.integritysi.com>	<3724B7C9.85C4FC1A@what-to-do.integritysi.com>#1/1	1999/04/26	day	1999-04-26T00:00:00+00:00	Re: 14 days and still NO SUPPORT for EQ	alt.games.everquest,comp.sys.ibm.pc.games.rpg	usenet-uat-pc-games	comp.sys.ibm.pc.games.rpg.usenet.7z	e42c37f0cea64009a39576a7246818b44c1b59bd789a441d99e556df7f7393e1	965
alt.games.everquest-d75d23a5fdab4d2b1e6f296c5a5c6ecba79e4d4270c85b6f7ffeb96e0502103d.txt	<3724B80E.8ED88D5C@what-to-do.integritysi.com>	<3724B80E.8ED88D5C@what-to-do.integritysi.com>#1/1	1999/04/26	day	1999-04-26T00:00:00+00:00	Re: 14 days and still NO SUPPORT for EQ	alt.games.everquest,comp.sys.ibm.pc.games.rpg	usenet-uat-pc-games	comp.sys.ibm.pc.games.rpg.usenet.7z	fb087e0e7180557299c2a39ccf07fc6056e2a2d5d9c2d75d7cfc35f075ce8a03	1039
alt.games.everquest-91c53ccd7d8c9f79b62e6b900cd05805e7588557c949c4c02838aa5ab8f7425d.txt	<3724B866.B8954A26@what-to-do.integritysi.com>	<3724B866.B8954A26@what-to-do.integritysi.com>#1/1	1999/04/26	day	1999-04-26T00:00:00+00:00	Re: 14 days and still NO SUPPORT for EQ	alt.games.everquest,comp.sys.ibm.pc.games.rpg	usenet-uat-pc-games	comp.sys.ibm.pc.games.rpg.usenet.7z	74b5823d2805771651168e9a6b84823c50e0f5b1b4dea708a2db5e0005ccfd42	954
alt.games.everquest-624fa43a6c8b95be1861fb33a81519ee6a4f32166cba4e230ddcf8875a1512ba.txt	<3724F738.A0EBB99B@what-to-do.integritysi.com>	<3724F738.A0EBB99B@what-to-do.integritysi.com>#1/1	1999/04/26	day	1999-04-26T00:00:00+00:00	Re: 14 days and still NO SUPPORT for EQ	alt.games.everquest,comp.sys.ibm.pc.games.rpg	usenet-uat-pc-games	comp.sys.ibm.pc.games.rpg.usenet.7z	0fe5e618a912f9c5d77d9ad8bb869a1982ac88cddf041e1ef3654e54a4f3cc2e	1004
alt.games.everquest-ee51f5daba3f7074dcd667986b030014dde792bd5ec3e316dcfee93e7b4ca3d3.txt	<37261176.BE4F0F86@what-to-do.integritysi.com>	<37261176.BE4F0F86@what-to-do.integritysi.com>#1/1	1999/04/27	day	1999-04-27T00:00:00+00:00	Re: time for a new thread	alt.games.everquest,comp.sys.ibm.pc.games.rpg	usenet-uat-pc-games	comp.sys.ibm.pc.games.rpg.usenet.7z	d195b708dc20f9b3efee2f593789f889307a5d60db956865a3913df86c3d7f49	958
alt.games.everquest-de9b014d458506c5e492b825672793ffd2cf8a08c1df91a9d213fd8533c84d86.txt	<37262BEC.1562197@what-to-do.integritysi.com>	<37262BEC.1562197@what-to-do.integritysi.com>#1/1	1999/04/27	day	1999-04-27T00:00:00+00:00	Re: 14 days and still NO SUPPORT for EQ	alt.games.everquest,comp.sys.ibm.pc.games.rpg	usenet-uat-pc-games	comp.sys.ibm.pc.games.rpg.usenet.7z	7b55e34d9eff773fb88fe962dc03a0860add873b6bf964c4ca43132abcbb28dc	887
alt.games.everquest-73c21baccd15e987da1df47b0b3850adb3d2c0361bb4dc81b23b685eca1fe115.txt	<3748bfae.481214432@news.io.com>	<3748bfae.481214432@news.io.com>#1/1	1999/05/24	day	1999-05-24T00:00:00+00:00	"another ""Wish I had done something else"" EQ Night"	alt.games.everquest,comp.games,comp.sys.ibm.pc.games.rpg	usenet-uat-pc-games	comp.sys.ibm.pc.games.rpg.usenet.7z	21ae7e22a8e66fd3b0b7e40f46df4da6f8c1747507a4f745b22c378743508228	2666
alt.games.everquest-34673e8b20453773662b3043911b8a246ae64042f4fb87cb34dd6546db4918aa.txt	<37493B3E.2A0F1FD0@t-online.de>	<37493B3E.2A0F1FD0@t-online.de>#1/1	1999/05/24	day	1999-05-24T00:00:00+00:00	"Re: another ""Wish I had done something else"" EQ Night"	alt.games.everquest,comp.games,comp.sys.ibm.pc.games.rpg	usenet-uat-pc-games	comp.sys.ibm.pc.games.rpg.usenet.7z	5ed63fc4c424cc5ac2a329df7574a022aa53a24aa5e56f8301194d73fb5eea30	1121
alt.games.everquest-173574a28ae6033251159632ca6e4942040564fc31f8f1517b7e799841d9210a.txt	<3749B2EB.D098A1AF@sybase.com>	<3749B2EB.D098A1AF@sybase.com>#1/1	1999/05/24	day	1999-05-24T00:00:00+00:00	"Re: another ""Wish I had done something else"" EQ Night"	alt.games.everquest,comp.sys.ibm.pc.games.rpg	usenet-uat-pc-games	comp.sys.ibm.pc.games.rpg.usenet.7z	b6b9a811216d316b8b0fa55984c28ec6f3c61852d34ea2f6afd96a475623b8a3	2515
alt.games.everquest-e810a9b02271e8e5e2f4a3818c034ae770c34029a07b39b495c3514737d7a7f1.txt	<374B019D.ECCBFBF6@worldsite.net>	<374B019D.ECCBFBF6@worldsite.net>#1/1	1999/05/25	day	1999-05-25T00:00:00+00:00	"Re: another ""Wish I had done something else"" EQ Night"	alt.games.everquest,comp.sys.ibm.pc.games.rpg	usenet-uat-pc-games	comp.sys.ibm.pc.games.rpg.usenet.7z	056d64988d51d08c9491c65d43f34d98c661a74bd27ab507be8be1171eb092d2	4220
alt.games.everquest-7459fd8f0e5b63ef7aae27b536f827aecc6149c7e42e20b6da2fc9a112dd98ca.txt	<374C35D8.265DE9DB@worldsite.net>	<374C35D8.265DE9DB@worldsite.net>#1/1	1999/05/26	day	1999-05-26T00:00:00+00:00	"Re: another ""Wish I had done something else"" EQ Night"	alt.games.everquest,comp.sys.ibm.pc.games.rpg	usenet-uat-pc-games	comp.sys.ibm.pc.games.rpg.usenet.7z	78e3bda5483cc5c61cace0850457208b4c3b7269138fed2135441899bc3db36c	2589
alt.games.everquest-46d9264a1fffaad470c025c8acb4955aabd1989898a74ffb63378c1c80e3cfee.txt	<374F2942.F4B495A7@iswest.net>	<374F2942.F4B495A7@iswest.net>#1/1	1999/05/28	day	1999-05-28T00:00:00+00:00	"Re: another ""Wish I had done something else"" EQ Night"	alt.games.everquest,comp.sys.ibm.pc.games.rpg	usenet-uat-pc-games	comp.sys.ibm.pc.games.rpg.usenet.7z	ca52768b5409b1ab82e2f006bea81ac4bb73d22e143835579ade3d98cefd43b7	3280
alt.games.everquest-e269b171cbd1fb641fcdabffcec8605a51352e1fdb42aa7ab30da0bc7e65da0d.txt	<374a05af.261341233@news.cisnet.com>	<374a05af.261341233@news.cisnet.com>#1/1	1999/05/25	day	1999-05-25T00:00:00+00:00	"Re: another ""Wish I had done something else"" EQ Night"	alt.games.everquest,comp.games,comp.sys.ibm.pc.games.rpg	usenet-uat-pc-games	comp.sys.ibm.pc.games.rpg.usenet.7z	e304bce1f6328344220115137b3a3f271b0e05eb95f6ff0b6980228cdf890f78	5074
alt.games.everquest-7b4eee7c615a5677fe548fe95e3c9384123b791023283e4b578ef012b09e0411.txt	<374b1ad3.4863024@news.platinum.com>	<374b1ad3.4863024@news.platinum.com>#1/1	1999/05/25	day	1999-05-25T00:00:00+00:00	"Re: another ""Wish I had done something else"" EQ Night"	alt.games.everquest,comp.sys.ibm.pc.games.rpg	usenet-uat-pc-games	comp.sys.ibm.pc.games.rpg.usenet.7z	646e837c1a28a7924b3bb19bc142fb679479721ab1be2a1e7396079b0bacc73f	2065
alt.games.everquest-9dd2fd9d5da643737373dd116ef6cb1ef768f9c213f9b6e1022ebf79f00ad349.txt	<374c700e.1387487@news.flash.net>	<374c700e.1387487@news.flash.net>#1/1	1999/05/24	day	1999-05-24T00:00:00+00:00	Re: Warning! Off subject. Star wars review.	alt.games.everquest,comp.sys.ibm.pc.games.adventure,comp.sys.ibm.pc.games.rpg	usenet-uat-pc-games	comp.sys.ibm.pc.games.adventure.usenet.7z	df31c7a9f778134ebfa16ccec97f36e3d932f2866dc3bffadfc48f282746247a	5129
alt.games.everquest-d1218c463f290e0b006b330af7154d192290a3c1ef1d64736c3ed980ab85f3c6.txt	<374c880d.0@news.primary.net>	<374c880d.0@news.primary.net>#1/1	1999/05/26	day	1999-05-26T00:00:00+00:00	Re: EverQuest:Follow Up Take	comp.sys.ibm.pc.games.rpg,alt.games.everquest	usenet-uat-pc-games	comp.sys.ibm.pc.games.rpg.usenet.7z	80b97c63304012ce83eae47ca7880138c425b29476225253c3a0094e1d849ce6	3044
alt.games.everquest-cc21fa0e92886e54f85f0bcf8bb00d731e7b258d13e4493c1eefa897abb4217b.txt	<374d79ab.19744048@news.earthlink.net>	<374d79ab.19744048@news.earthlink.net>#1/1	1999/05/24	day	1999-05-24T00:00:00+00:00	"Re: another ""Wish I had done something else"" EQ Night"	alt.games.everquest,comp.games,comp.sys.ibm.pc.games.rpg	usenet-uat-pc-games	comp.sys.ibm.pc.games.rpg.usenet.7z	aa344074d3b2fb150233f02a464f8adac13560f714234369563bee7d109f5ce4	3220
alt.games.everquest-4bd79c35e60ca8d8fa3f740b465163b6b471f0e205e3a0297cb5f2a249e0a4d1.txt	<374dbf33.96070539@news.cisnet.com>	<374dbf33.96070539@news.cisnet.com>#1/1	1999/05/27	day	1999-05-27T00:00:00+00:00	Re: EverQuest:Follow Up Take	comp.sys.ibm.pc.games.rpg,alt.games.everquest	usenet-uat-pc-games	comp.sys.ibm.pc.games.rpg.usenet.7z	b54328b48441d0eacdfe591fc1f532c77d8af8c1d4cf50d02bae84373315ede7	1378
alt.games.everquest-d5f9285541a394377c0d12c0f8fdb0db071186c960b8a618f89b8ffb65eaf512.txt	<375666f9.10374093@news.jps.net>	<375666f9.10374093@news.jps.net>#1/1	1999/05/29	day	1999-05-29T00:00:00+00:00	"Re: another ""Wish I had done something else"" EQ Night"	alt.games.everquest,comp.sys.ibm.pc.games.rpg	usenet-uat-pc-games	comp.sys.ibm.pc.games.rpg.usenet.7z	9630be72a188a19f4f8a14b67afa3eb30289ff0cadbbce1ea2b0fc9e8f71c509	2244
alt.games.everquest-eb3c309b22fda0b8c4094ca28cf29b276c5770cb02afe6d156ff6bf0ffe70f1c.txt	<375c48bf.3674047@news-server>	<375c48bf.3674047@news-server>#1/1	1999/06/07	day	1999-06-07T00:00:00+00:00	Re: Warning! Off subject. Star wars review.	alt.games.everquest,comp.sys.ibm.pc.games.adventure,comp.sys.ibm.pc.games.rpg	usenet-uat-pc-games	comp.sys.ibm.pc.games.adventure.usenet.7z	7bf3ca4b119372f3cf291103eaed2610d9568b4cda80dc29ff3c8fb4e07b559d	4103
alt.games.everquest-5456218383a99c019b6711ce28cbcedca677bf7404463ef624c63495249673ef.txt	<375d9e66.1023130@news.flash.net>	<375d9e66.1023130@news.flash.net>#1/1	1999/06/08	day	1999-06-08T00:00:00+00:00	Re: Warning! Off subject. Star wars review.	alt.games.everquest,comp.sys.ibm.pc.games.adventure,comp.sys.ibm.pc.games.rpg	usenet-uat-pc-games	comp.sys.ibm.pc.games.adventure.usenet.7z	67ac52988986b426d66d95d19e139b611ea84f0b3d507c526cae6e061517a6af	5128
alt.games.everquest-c7c2e7e2c301a02684261e984c11c4ef03dcae9ac27cd637a4779ba9914a756a.txt	<3762b85d.195852755@news.mw.mediaone.net>	<3762b85d.195852755@news.mw.mediaone.net>#1/1	1999/06/09	day	1999-06-09T00:00:00+00:00	Re: Warning! Off subject. Star wars review.	alt.games.everquest,comp.sys.ibm.pc.games.adventure,comp.sys.ibm.pc.games.rpg	usenet-uat-pc-games	comp.sys.ibm.pc.games.adventure.usenet.7z	9d1f30214a27779306090db5844d9577a41d9bfc663595d4e9f1ca6a8107b6d1	1195
alt.games.everquest-cd4366093d229884a483994666cec00293eb6b6c2438875fe58fd79655c18a96.txt	<3763e127@news1.ltinet.net>	<3763e127@news1.ltinet.net>#1/1	1999/06/13	day	1999-06-13T00:00:00+00:00	Re: Warning! Off subject. Star wars review.	alt.games.everquest,comp.sys.ibm.pc.games.adventure,comp.sys.ibm.pc.games.rpg	usenet-uat-pc-games	comp.sys.ibm.pc.games.adventure.usenet.7z	a19357e38a7d0439371d49d65b2973a4d8cfc79bffebaa95e5c0e2aac0d5431e	775
alt.games.everquest-051b87f040c85c39f9515a620fb155ad06f5109e1f1bcc70a36e38e737b489fa.txt	<37649417.714874@news.earthlink.net>	<37649417.714874@news.earthlink.net>#1/1	1999/06/13	day	1999-06-13T00:00:00+00:00	Re: Warning! Off subject. Star wars review.	alt.games.everquest,comp.sys.ibm.pc.games.adventure,comp.sys.ibm.pc.games.rpg	usenet-uat-pc-games	comp.sys.ibm.pc.games.adventure.usenet.7z	3aeac79139067cdb6da296febb674feb5079069331232fec103a9fcb1b8c361a	1390
alt.games.everquest-07d0f637ac93f84ac67fff1de99a11cdec805f718d69b79857c80c5c79521465.txt	<37654366.2890225@news-server>	<37654366.2890225@news-server>#1/1	1999/06/14	day	1999-06-14T00:00:00+00:00	Re: Warning! Off subject. Star wars review.	alt.games.everquest,comp.sys.ibm.pc.games.adventure,comp.sys.ibm.pc.games.rpg	usenet-uat-pc-games	comp.sys.ibm.pc.games.adventure.usenet.7z	b776ea0665ed4ba8ed4e9269e5d73a246becad3d5e3080e884551862c5e8d331	2045
alt.games.everquest-3cb7b023cd21fe535de9ccbdc3245afef89eba54ad8b2d852a0e53219e13b657.txt	<37669759.4787539@news-server>	<37669759.4787539@news-server>#1/1	1999/06/15	day	1999-06-15T00:00:00+00:00	Re: Warning! Off subject. Star wars review.	alt.games.everquest,comp.sys.ibm.pc.games.adventure,comp.sys.ibm.pc.games.rpg	usenet-uat-pc-games	comp.sys.ibm.pc.games.adventure.usenet.7z	f637618eeaf52c09bdbf1a8f5018c3c185a2172309aec4a7885296e04bc8f059	2322
alt.games.everquest-76a146777cceda39fac8e438c99724db4b8130690d56f707a45286e38c29aafc.txt	<3767BF5C.691262FC@SP.AM>	<3767BF5C.691262FC@SP.AM>#1/1	1999/06/16	day	1999-06-16T00:00:00+00:00	Re: Warning! Off subject. Star wars review.	alt.games.everquest,comp.sys.ibm.pc.games.adventure,comp.sys.ibm.pc.games.rpg	usenet-uat-pc-games	comp.sys.ibm.pc.games.adventure.usenet.7z	ac83ef4aacf9abadca5155f5730f54acb2e2e1eba0ac1fb2e03f0eb6852b84b1	1405
alt.games.everquest-ec8caf70c520cb5605d1d23844b2c980250c03ba69578d3528909bfbf0b52a68.txt	<3767b85c.5983325@n3.idirect.com>	<3767b85c.5983325@n3.idirect.com>#1/1	1999/06/16	day	1999-06-16T00:00:00+00:00	Re: Warning! Off subject. Star wars review.	alt.games.everquest,comp.sys.ibm.pc.games.adventure,comp.sys.ibm.pc.games.rpg	usenet-uat-pc-games	comp.sys.ibm.pc.games.adventure.usenet.7z	e5420689615eea387b288817bc234286bd7dbdc2de03f4d9ed50b8e7a3f4035d	2359
alt.games.everquest-80b80c1bc20191b731e248d5692d0f41417eb35e4247fca89762bab445fba221.txt	<3767e488.2821135@news-server>	<3767e488.2821135@news-server>#1/1	1999/06/16	day	1999-06-16T00:00:00+00:00	Re: Warning! Off subject. Star wars review.	alt.games.everquest,comp.sys.ibm.pc.games.adventure,comp.sys.ibm.pc.games.rpg	usenet-uat-pc-games	comp.sys.ibm.pc.games.adventure.usenet.7z	ef92cdeb0f62283e1007f04b040808b57bd0016b7942fefcdc5438c81d5b7f1e	1220
alt.games.everquest-6313c4aa570dc5b0c6cc3f1c9a67fe0646b8c01eb8fa0e5f5da1597a3f60abec.txt	<3768622a.27434511@203.59.24.186>	<3768622a.27434511@203.59.24.186>#1/1	1999/06/14	day	1999-06-14T00:00:00+00:00	Re: Warning! Off subject. Star wars review.	alt.games.everquest,comp.sys.ibm.pc.games.adventure,comp.sys.ibm.pc.games.rpg	usenet-uat-pc-games	comp.sys.ibm.pc.games.adventure.usenet.7z	42138861f112168d68a27f5db4fe82c61ffd3e7afe1078b1697382871ffc6368	1938
alt.games.everquest-f2c19c184838322d8c42085de63029b2f27dbb3f53387ee5965ce798c4e7abdd.txt	<376B66D8.6D62CCEA@elektron.pl>	<376B66D8.6D62CCEA@elektron.pl>#1/1	1999/06/19	day	1999-06-19T00:00:00+00:00	Re: Warning! Off subject. Star wars review.	alt.games.everquest,comp.sys.ibm.pc.games.adventure,comp.sys.ibm.pc.games.rpg	usenet-uat-pc-games	comp.sys.ibm.pc.games.adventure.usenet.7z	234d7a67798803a9175d62f7fc6466ba13b51b78e2e89cefbb638a81e1c37bb4	1662
alt.games.everquest-1eacdbf88e8e597a047718166ad2deb7c3347ea7d6fe5c233b749cffb45a682b.txt	<376b3c68.350152@203.59.24.186>	<376b3c68.350152@203.59.24.186>#1/1	1999/06/19	day	1999-06-19T00:00:00+00:00	Re: Warning! Off subject. Star wars review.	alt.games.everquest,comp.sys.ibm.pc.games.adventure,comp.sys.ibm.pc.games.rpg	usenet-uat-pc-games	comp.sys.ibm.pc.games.adventure.usenet.7z	df58a55891171144f321d27b8e0468b48bd096fea36c996211afa9dd2b71d071	1534
alt.games.everquest-7a94473276be3cc2f5d2c9c35e88695135547a155b56f5a074c2708eaa5037ea.txt	<376d8614.2080803@news.earthlink.net>	<376d8614.2080803@news.earthlink.net>#1/1	1999/06/17	day	1999-06-17T00:00:00+00:00	Re: Warning! Off subject. Star wars review.	alt.games.everquest,comp.sys.ibm.pc.games.adventure,comp.sys.ibm.pc.games.rpg	usenet-uat-pc-games	comp.sys.ibm.pc.games.adventure.usenet.7z	2595ab60792f4c8e23ef177e12ba595b1f6bc0311d7e1e1fee712022f8479e19	2136
alt.games.everquest-3858e9476f55e289f79fc02d88063c82fbd3e6802871e8d4500d3ed42e7a1933.txt	<376e8032.1975660@news-server>	<376e8032.1975660@news-server>#1/1	1999/06/21	day	1999-06-21T00:00:00+00:00	Re: Warning! Off subject. Star wars review.	alt.games.everquest,comp.sys.ibm.pc.games.adventure,comp.sys.ibm.pc.games.rpg	usenet-uat-pc-games	comp.sys.ibm.pc.games.adventure.usenet.7z	9616b57c6ebee9c4d120a2dbed038126b84c51825d497ee26ac81f8af59b3a06	2357
alt.games.everquest-e454d8ebbd4505495b6fc11b7dbe6e44c388ed64d67351b8d2778011f1a1c780.txt	<376f3625.4299255@news.net1fx.com>	<376f3625.4299255@news.net1fx.com>#1/1	1999/06/22	day	1999-06-22T00:00:00+00:00	Re: Warning! Off subject. Star wars review.	alt.games.everquest,comp.sys.ibm.pc.games.adventure,comp.sys.ibm.pc.games.rpg	usenet-uat-pc-games	comp.sys.ibm.pc.games.adventure.usenet.7z	547acb5d1a04d8d3e44ee89c21dabc9de8609cd643b78d3195ec5a6a3e65c35c	2222
alt.games.everquest-659a621bf1b15f63f2ae878c366fa495515864c31f809ad20c887a85f8c8b690.txt	<384F5505.DA006AA4@attcanada.net>	<384F5505.DA006AA4@attcanada.net>#1/1	1999/12/15	day	1999-12-15T00:00:00+00:00	FS at ebay, account and game.	comp.sys.ibm.pc.games.rpg,alt.games.everquest	usenet-uat-pc-games	comp.sys.ibm.pc.games.rpg.usenet.7z	0795ad9950d67b09cfd0d95286a1f076455b30ebd0b0ec1dd54ff1c6330e4da4	635
alt.games.everquest-3a68d7a1521a7a511f8c3dacf3fc9787124ea72afffcfe2cfc717486143df63a.txt	<38578b12.227643@news.wanadoo.nl>	<38578b12.227643@news.wanadoo.nl>#1/1	1999/12/15	day	1999-12-15T00:00:00+00:00	Re: FS at ebay, account and game.	comp.sys.ibm.pc.games.rpg,alt.games.everquest	usenet-uat-pc-games	comp.sys.ibm.pc.games.rpg.usenet.7z	62dac96b36bbf7596f92f09bebccb46dc38cd54a773b59cca90ae8766224a147	924
alt.games.everquest-ef51fed636f3d668e508445d7c7e7463d3b61ec0be08f38f952fafee2dc58243.txt	<3858144e.6438728@news.wanadoo.nl>	<3858144e.6438728@news.wanadoo.nl>#1/1	1999/12/15	day	1999-12-15T00:00:00+00:00	Re: FS at ebay, account and game.	comp.sys.ibm.pc.games.rpg,alt.games.everquest	usenet-uat-pc-games	comp.sys.ibm.pc.games.rpg.usenet.7z	8be4566090143dc75ea15bf48eedfa69ff8dec9b31cfcd187d78f6ca8b4a8f04	1817
alt.games.everquest-4e24df3b45c35ddbdd5ee523d9c3df05c4a830701fdbac7b0ce13047c6d35e55.txt	<38A74F55.AE73F243@hfx.andara.com>	<38A74F55.AE73F243@hfx.andara.com>#1/1	2000/02/14	day	2000-02-14T00:00:00+00:00	Re: Latest on legislation directly afffecting you as a software consumer	alt.games.everquest,comp.sys.ibm.pc.games.rpg,comp.sys.ibm.pc.games.strategic	usenet-uat-pc-games	comp.sys.ibm.pc.games.rpg.usenet.7z	9c19388e930bdc47a3856381771381b53e9d091d282bdf0b4ffad75e98eabb1c	965
alt.games.everquest-55254bd1cb9d5403ed362f90635316cc7175261cd8f5d31a294563546783f63b.txt	<38A7656A.632E@aol.NOSPAMcom>	<38A7656A.632E@aol.NOSPAMcom>#1/1	2000/02/14	day	2000-02-14T00:00:00+00:00	Re: Latest on legislation directly afffecting you as a software consumer	alt.games.everquest,comp.sys.ibm.pc.games.rpg,comp.sys.ibm.pc.games.strategic	usenet-uat-pc-games	comp.sys.ibm.pc.games.rpg.usenet.7z	3015befcdc6bc654683cb04a6d6014b8de7d086cce8a4d41c460913e60ae9792	1221
alt.games.everquest-51498a710f51eefc81676ebac6239d84c3707dd8d59239afd729f026bc070d1c.txt	<38A77F9B.C942C8E3@erols.com>	<38A77F9B.C942C8E3@erols.com>#1/1	2000/02/13	day	2000-02-13T00:00:00+00:00	Re: Latest on legislation directly afffecting you as a software consumer	alt.games.everquest,comp.sys.ibm.pc.games.rpg,comp.sys.ibm.pc.games.strategic	usenet-uat-pc-games	comp.sys.ibm.pc.games.rpg.usenet.7z	c9b773bdc41592f734cbde895d9f5c91ef66895e136dbb9c9e9761f675b1420f	1543
alt.games.everquest-842668e187aafa936ad1e8230b8c7f1e18a97478b26b44dd615ad30dbdb2e467.txt	<38A78728.B838CA22@radiks.net>	<38A78728.B838CA22@radiks.net>#1/1	2000/02/13	day	2000-02-13T00:00:00+00:00	Re: Latest on legislation directly afffecting you as a software consumer	alt.games.everquest,comp.sys.ibm.pc.games.strategic	usenet-uat-pc-games	comp.sys.ibm.pc.games.strategic.usenet.7z	aabce3d5d4a994f4a3facae34a80ac301eea041d54eee9e57ebe26f26dceea0c	1690
alt.games.everquest-3d485c0cdcd84a1ed321906e7faf2ad348d8a592e1e9034b486fd374aec004c0.txt	<38A78B8B.6C470750@mailhost.chi.ameritech.net>	<38A78B8B.6C470750@mailhost.chi.ameritech.net>#1/1	2000/02/13	day	2000-02-13T00:00:00+00:00	Re: Latest on legislation directly afffecting you as a software consumer	alt.games.everquest,comp.sys.ibm.pc.games.rpg,comp.sys.ibm.pc.games.strategic	usenet-uat-pc-games	comp.sys.ibm.pc.games.rpg.usenet.7z	005c9e0f368e135e65e438b63f977ed1a1b13f9ac3d51ca38530d8f7c167f424	2847
alt.games.everquest-e30bb5138799accf88959d4065d8f739f7c909637bed3d540e163b4e5a1cc6e7.txt	<38A7A4C2.5826@etal.uri.edu>	<38A7A4C2.5826@etal.uri.edu>#1/1	2000/02/13	day	2000-02-13T00:00:00+00:00	Re: Latest on legislation directly afffecting you as a software consumer	alt.games.everquest,comp.sys.ibm.pc.games.rpg,comp.sys.ibm.pc.games.strategic	usenet-uat-pc-games	comp.sys.ibm.pc.games.rpg.usenet.7z	b7a8e4c8a996a551e95e6001aec990d34b9cba6352a1348de808b3671ee02e3a	1454
alt.games.everquest-c113aecfdf5c11bbe50159f878306575dfd03b5b32227fdc081440673f4d52a5.txt	<38FA3625.305CF1D7@zantaz.com>	<38FA3625.305CF1D7@zantaz.com>#1/1	2000/04/16	day	2000-04-16T00:00:00+00:00	Re: Microsoft admits to back door	alt.games.everquest,comp.sys.ibm.pc.games.action,comp.sys.ibm.pc.games.adventure	usenet-uat-pc-games	comp.sys.ibm.pc.games.action.usenet.7z	ebff9c6c994259e6616ad0a630f584dff2e355c57357b7f64adadb23b49efbf8	1102
alt.games.everquest-7a1b1b496cf4083a91aa7223988de08257762d8f16df1fb7479ee2e0b5b2023c.txt	<38a7889d.693152886@news.slnt1.on.wave.home.com>	<38a7889d.693152886@news.slnt1.on.wave.home.com>#1/1	2000/02/14	day	2000-02-14T00:00:00+00:00	Re: Latest on legislation directly afffecting you as a software consumer	alt.games.everquest,comp.sys.ibm.pc.games.rpg,comp.sys.ibm.pc.games.strategic	usenet-uat-pc-games	comp.sys.ibm.pc.games.rpg.usenet.7z	dffcc9a1a16d2bd10efbf548d79b0da3fa7318ffd73c9e2f1ae7116c9103e9ab	1411
alt.games.everquest-948845ea09c1161d7f8dab95f65f8cd68ccebdc9a92cda67f2cac640a031f0c5.txt	<38a98a1e.18133205@news.dsl-only.net>	<38a98a1e.18133205@news.dsl-only.net>#1/1	2000/02/14	day	2000-02-14T00:00:00+00:00	Re: Latest on legislation directly afffecting you as a software consumer	alt.games.everquest,comp.sys.ibm.pc.games.rpg,comp.sys.ibm.pc.games.strategic	usenet-uat-pc-games	comp.sys.ibm.pc.games.rpg.usenet.7z	2d9ed85e3df07c20a0105a47bdcaab5d97868e1b396aebab896300d7d02d0e2f	2400
alt.games.everquest-9997ae6f9c85c710f4bf2970baa5df8c4c7cef6d3f344b010b1a75302f859426.txt	<38aaff57.20454453@enews.newsguy.com>	<38aaff57.20454453@enews.newsguy.com>#1/1	2000/02/16	day	2000-02-16T00:00:00+00:00	Re: Latest on legislation directly afffecting you as a software consumer	alt.games.everquest,comp.sys.ibm.pc.games.rpg,comp.sys.ibm.pc.games.strategic	usenet-uat-pc-games	comp.sys.ibm.pc.games.rpg.usenet.7z	035f42a60659781fbe71333585e25b5792378d105f0d99a8b5e55b16ea4fd659	1214
alt.games.everquest-d8fde3eda51c13792e716280841e0535bb4ea2350302a7d177e896e50c50a00b.txt	<38e4961b.6499942@news.interpoint.net>	<38e4961b.6499942@news.interpoint.net>#1/1	2000/03/31	day	2000-03-31T00:00:00+00:00	Re: EA, Sega and Nintendo sue Yahoo?	alt.games.everquest,comp.sys.ibm.pc.games.action,comp.sys.ibm.pc.games.adventure,comp.sys.ibm.pc.games.rpg,comp.sys.ibm.pc.games.strategic	usenet-uat-pc-games	comp.sys.ibm.pc.games.action.usenet.7z	ecff4a95770480b1f67f529b2657d4bacf4c8cfe9d30bcd08f8f98f95784e572	2069
alt.games.everquest-0ebb34a9055126d0f0d1538e12280ff699615b60200e815fc0332026f1668fdf.txt	<398C21CB.2BDE@worldnet.att.net>	<398C21CB.2BDE@worldnet.att.net>#1/1	2000/08/05	day	2000-08-05T00:00:00+00:00	Re: DiabloII_VS_Everquest Poll	alt.games.diablo,alt.games.everquest	usenet-uat-pc-games	alt.games.diablo.usenet.7z	ed0d15691eecab769f0ace8773cf49e4b43ebd16e7a1d39cc49007180c76a135	729
alt.games.everquest-209a1dbc16fdb3eccddd0765ccd697560af93fa05021a0393ad1918510feccf1.txt	<398a77dc@nap-ns1.netconnect.net.au>	<398a77dc@nap-ns1.netconnect.net.au>#1/1	2000/08/04	day	2000-08-04T00:00:00+00:00	Re: DiabloII_VS_Everquest Poll	alt.games.diablo,alt.games.everquest	usenet-uat-pc-games	alt.games.diablo.usenet.7z	a6e3d4edddad7b09ca489c692537b01795a60a51b1e33d3a47a2a77e9474c7b9	550
alt.games.everquest-0271e54d67db36cad589500bd1336cb0e5d65271fd38c17902facba47d7a363e.txt	<398a7f90$0$17040@SSP1NO25.highway.telekom.at>	<398a7f90$0$17040@SSP1NO25.highway.telekom.at>#1/1	2000/08/04	day	2000-08-04T00:00:00+00:00	Re: DiabloII_VS_Everquest Poll	alt.games.diablo,alt.games.everquest	usenet-uat-pc-games	alt.games.diablo.usenet.7z	e55cc77e263779baeafa1da2fbb4e2e5a1282b6d19482ee55731f1ab0f8a11aa	824
alt.games.everquest-7550c545235ad59acdeea0ac31ecde87d1c89754baf18538167bd2b0cf85a310.txt	<398b651f_2@huge.aa.net>	<398b651f_2@huge.aa.net>#1/1	2000/08/04	day	2000-08-04T00:00:00+00:00	Re: DiabloII_VS_Everquest Poll	alt.games.diablo,alt.games.everquest	usenet-uat-pc-games	alt.games.diablo.usenet.7z	e7399efeb526de50d0e2b399b600b28ed86e5032ab716ad9b33f25888b8e1125	974
alt.games.everquest-6fd16c38d246916aebbf4b42dd75ec1bfd7b9aea44da192a84e308d250ed23b4.txt	<398b8072.11135950@news.core.com>	<398b8072.11135950@news.core.com>#1/1	2000/08/04	day	2000-08-04T00:00:00+00:00	Re: DiabloII_VS_Everquest Poll	alt.games.diablo,alt.games.everquest	usenet-uat-pc-games	alt.games.diablo.usenet.7z	2b4f5c83a680f00d8c9d0d6e21ae3049dfa48780ea203e3f0a6aa6c18cc785a5	881
alt.games.everquest-04cbad9717311f6130fc6027e7b074c0077c5ad825b197a2b150f070231ffce3.txt	<398c116c.272412976@news-west.newscene.com>	<398c116c.272412976@news-west.newscene.com>#1/1	2000/08/04	day	2000-08-04T00:00:00+00:00	Re: DiabloII_VS_Everquest Poll	alt.games.diablo,alt.games.everquest	usenet-uat-pc-games	alt.games.diablo.usenet.7z	3fdca48a5e28db75d18ed88b38d00aa3fd20fd0c572abf85552413d1560b2268	1041
alt.games.everquest-629444b8950e204466498a46552712263da388bde895e7f9c9370139c5b9b7fa.txt	<398fad82.2025226@news.core.com>	<398fad82.2025226@news.core.com>#1/1	2000/08/05	day	2000-08-05T00:00:00+00:00	Re: DiabloII_VS_Everquest Poll	alt.games.diablo,alt.games.everquest	usenet-uat-pc-games	alt.games.diablo.usenet.7z	f0bd84e4f52d6f3d40941954f9d94e8cd937294990aae53195510578be603359	1038
alt.games.everquest-c6a168bbcf19336e08a4e6e9eea33cce16161b009d48e28e56a0d02bfb17eb5f.txt	<39912064.141603474@news.mindspring.com>	<39912064.141603474@news.mindspring.com>#1/1	2000/08/05	day	2000-08-05T00:00:00+00:00	Re: DiabloII_VS_Everquest Poll	alt.games.diablo,alt.games.everquest	usenet-uat-pc-games	alt.games.diablo.usenet.7z	fec7aec55c1d9ba978ca3ed21c23d912a3465412734ebd25f205cceff682135f	1247
alt.games.everquest-005ea16a813ce6b78483ba69d4f67778fb1612cec476e67fc101aab347483676.txt	<3996C447.5951BC77@hotmail.com>	<3996C447.5951BC77@hotmail.com>#1/1	2000/08/13	day	2000-08-13T00:00:00+00:00	Re: DiabloII_VS_Everquest Poll	alt.games.diablo,alt.games.everquest	usenet-uat-pc-games	alt.games.diablo.usenet.7z	ef161a4f9c98d0204e4a77eb0730b9c850581d29a5fa5214cc75b186f6a52c5a	1653
alt.games.everquest-d576b4f554e33455371c7fe3ccc5b52c33529622d1e7109750c78049e87bcfaa.txt	<399a65b6.93806207@news.mindspring.com>	<399a65b6.93806207@news.mindspring.com>#1/1	2000/08/05	day	2000-08-05T00:00:00+00:00	Re: DiabloII_VS_Everquest Poll	alt.games.diablo,alt.games.everquest	usenet-uat-pc-games	alt.games.diablo.usenet.7z	d968f75bb4b1cd758d58ca7f97f3f29dfba1e60cacf32395849c3ca9008acfe0	1044
alt.games.everquest-788e67fb1dd13b45f3d26622e8a1bb12b72d42d33b32b73ba90dde5a4fa4d8a5.txt	<39E501CE.8AE42A19@nothing.but.net>	<39E501CE.8AE42A19@nothing.but.net>#1/1	2000/10/11	day	2000-10-11T00:00:00+00:00	Re: Verant Customer Service - what a joke !	comp.sys.ibm.pc.games.rpg,alt.games.everquest	usenet-uat-pc-games	comp.sys.ibm.pc.games.rpg.usenet.7z	148ddcd1aada6657107156711fa1dc6af46aeb020a844c9cd9ea0a9c47785f24	1928
alt.games.everquest-9a91ed879e9c5c049c069c8b96d5bacda1613c250c9960d9e1d5f2aa9664a497.txt	<39E5DF0C.4254658F@mediaone.net>	<39E5DF0C.4254658F@mediaone.net>#1/1	2000/10/12	day	2000-10-12T00:00:00+00:00	Re: Verant Customer Service - what a joke !	comp.sys.ibm.pc.games.rpg,alt.games.everquest	usenet-uat-pc-games	comp.sys.ibm.pc.games.rpg.usenet.7z	696f36e9141f2b3f2feda240f6ad8f34c5cf4e972045b93224a1a23a42d59cca	1852
alt.games.everquest-786db7366ef610d53b0ccdbdaa10f1b34e0df9dcc381d88b951a53ef0ae0c073.txt	<39E604B2.FFDD2029@nmt.edu>	<39E604B2.FFDD2029@nmt.edu>#1/1	2000/10/12	day	2000-10-12T00:00:00+00:00	Re: Verant Customer Service - what a joke !	comp.sys.ibm.pc.games.rpg,alt.games.everquest	usenet-uat-pc-games	comp.sys.ibm.pc.games.rpg.usenet.7z	06785b0df7294a3f5e03158c8839eea167fe23ae3af57c06bc1eb0504f5809e6	1626
alt.games.everquest-c69a54214f76c5faa6902afaac973b1391324e5a8eec2ce3bb34a21edc95767b.txt	<39E690B2.DB9BA524@prodigy.net>	<39E690B2.DB9BA524@prodigy.net>	Fri, 13 Oct 2000 00:33:54 -0400	timestamp	2000-10-13T00:33:54-04:00	Re: Verant Customer Service - what a joke !	comp.sys.ibm.pc.games.rpg,alt.games.everquest	usenet-uat-pc-games	comp.sys.ibm.pc.games.rpg.usenet.7z	0fd9549a1fef9280753ee5615d30f87f106bb9ed31edd4c929fa8dd86002cff5	1231
alt.games.everquest-5313a2f7e1d0bee0380a10e4e0ebc751f5a026478e0af5dda0655f74d2b53123.txt	<39ED1DEC.B69B0EFC@nothing.but.net>	<39ED1DEC.B69B0EFC@nothing.but.net>#1/1	2000/10/17	day	2000-10-17T00:00:00+00:00	Re: Verant Customer Service - what a joke !	comp.sys.ibm.pc.games.rpg,alt.games.everquest	usenet-uat-pc-games	comp.sys.ibm.pc.games.rpg.usenet.7z	b73795e6b58627876ae45c7d23826bbcb49d25e50622147d587bee9d371ef73b	1842
alt.games.everquest-99475ac8e7350ecc75f2ba955176ae45b3f146a0c18987d4ce391e83211796fa.txt	<39e479c5$1@news2lo.highwayone.net>	<39e479c5$1@news2lo.highwayone.net>#1/1	2000/10/11	day	2000-10-11T00:00:00+00:00	Verant Customer Service - what a joke !	comp.sys.ibm.pc.games.rpg,alt.games.everquest	usenet-uat-pc-games	comp.sys.ibm.pc.games.rpg.usenet.7z	94708f8bb9aa2c90d81e4b0e4eb60367dade62f96cf47864ab3e015bc598623c	1267
alt.games.everquest-54ce4c7006e80ce30b276f084b8b97133c4ae1c09f82f2e1761b77506def0020.txt	<39e55840$1@news2lo.highwayone.net>	<39e55840$1@news2lo.highwayone.net>#1/1	2000/10/12	day	2000-10-12T00:00:00+00:00	Re: Verant Customer Service - what a joke !	comp.sys.ibm.pc.games.rpg,alt.games.everquest	usenet-uat-pc-games	comp.sys.ibm.pc.games.rpg.usenet.7z	3a39fdf0fefd83fd6ba3ac873453b1668337644397a9f328d2e31f251c286ecd	1744
alt.games.everquest-58e00dd877a634ba9101e87d35a724291c346be32f25d3185a4ff08e07c705f7.txt	<39e5587f@news2lo.highwayone.net>	<39e5587f@news2lo.highwayone.net>#1/1	2000/10/12	day	2000-10-12T00:00:00+00:00	Re: Verant Customer Service - what a joke !	comp.sys.ibm.pc.games.rpg,alt.games.everquest	usenet-uat-pc-games	comp.sys.ibm.pc.games.rpg.usenet.7z	711c9b2c2e9c6c3ff3654e313321fa3f29010c1a9aa13b4e7254301394033482	2184
alt.games.everquest-f661ecedad565552702c277420bf8d941f4c86a12b10b743c0c1bf23181387c0.txt	<39e5d500$0$11615$7f31c96c@news01.syd.optusnet.com.au>	<39e5d500$0$11615$7f31c96c@news01.syd.optusnet.com.au>	Fri, 13 Oct 2000 00:42:59 +0930	timestamp	2000-10-13T00:42:59+09:30	Re: Verant Customer Service - what a joke !	comp.sys.ibm.pc.games.rpg,alt.games.everquest	usenet-uat-pc-games	comp.sys.ibm.pc.games.rpg.usenet.7z	ebebf7cc7a9c83f25f05e4ae03bfb29143f333b2ecd6a710244ac2b64fb4df22	2676
alt.games.everquest-7ec4de1df1ae61b2a6379c3ff9f74662ad876f3edc4a79cd4cb4ad9a44714563.txt	<39e6360d.125940258@news.cadvision.com>	<39e6360d.125940258@news.cadvision.com>#1/1	2000/10/12	day	2000-10-12T00:00:00+00:00	Re: Verant Customer Service - what a joke !	comp.sys.ibm.pc.games.rpg,alt.games.everquest	usenet-uat-pc-games	comp.sys.ibm.pc.games.rpg.usenet.7z	990d06a53c9bb197356063fe4fd7fcc9200cd4e8ae98b645039d875524cd7900	745
alt.games.everquest-7d0e6a17c53cdf9fdb6acba2b96345d05255a5aeca4c7905ff1efb15469a1da4.txt	<39e6bf4c.139653985@news.mindspring.com>	<39e6bf4c.139653985@news.mindspring.com>#1/1	2000/10/12	day	2000-10-12T00:00:00+00:00	Re: Verant Customer Service - what a joke !	comp.sys.ibm.pc.games.rpg,alt.games.everquest	usenet-uat-pc-games	comp.sys.ibm.pc.games.rpg.usenet.7z	67471bf1c982b24517474c884fd8fd42a2bf8d0a71692580ee9f79dadbc2add5	1267
alt.games.everquest-fd9aab664e967a4b115cf34377139011b793aee5a0520c6382c755231a50bda9.txt	<39e9f25f.152730571@news.mindspring.com>	<39e9f25f.152730571@news.mindspring.com>#1/1	2000/10/12	day	2000-10-12T00:00:00+00:00	Re: Verant Customer Service - what a joke !	comp.sys.ibm.pc.games.rpg,alt.games.everquest	usenet-uat-pc-games	comp.sys.ibm.pc.games.rpg.usenet.7z	d001f80a4116f3aeafcaa4e69bcac89c4281b4c01bb372b9ac39e938e95a0ea5	1164
alt.games.everquest-46ac2c10836c984757b45f5232fc1c6fe1f270e3c844db937740340781460565.txt	<39ec2d7c$1@news2lo.highwayone.net>	<39ec2d7c$1@news2lo.highwayone.net>#1/1	2000/10/17	day	2000-10-17T00:00:00+00:00	Re: Verant Customer Service - what a joke !	comp.sys.ibm.pc.games.rpg,alt.games.everquest	usenet-uat-pc-games	comp.sys.ibm.pc.games.rpg.usenet.7z	11d9b163fc30c97a86a5468ca5d44e7b103f3b8ecd648c5c0a3f330e611524cb	1760
alt.games.everquest-af4e2e9ea5cae48412f3fbe262c637839a1483c037e6a75a97533aa240463280.txt	<39eefb18.89418484@news.mindspring.com>	<39eefb18.89418484@news.mindspring.com>#1/1	2000/10/11	day	2000-10-11T00:00:00+00:00	Re: Verant Customer Service - what a joke !	comp.sys.ibm.pc.games.rpg,alt.games.everquest	usenet-uat-pc-games	comp.sys.ibm.pc.games.rpg.usenet.7z	e67ca62bf6cfaa9b3f9310cacfa579297e824ac4567a96c7b867e0045ce0c901	1782
alt.games.everquest-be58268e93af7d110830f56345c006b53b702187224225c4be693217e819d798.txt	<39f049e4.66030945@webster.srv.gc.ca>	<39f049e4.66030945@webster.srv.gc.ca>#1/1	2000/10/20	day	2000-10-20T00:00:00+00:00	Re: Verant Customer Service - what a joke !	comp.sys.ibm.pc.games.rpg,alt.games.everquest	usenet-uat-pc-games	comp.sys.ibm.pc.games.rpg.usenet.7z	b7bbb2fec2a3342e4d8fcd6a024d44eb73482b07c89a151a59e69c487cd3cc5d	1124
alt.games.everquest-385860b45784280e37abd668a0bad2092348a7fc6ccd86fcfb7d161ecb73a05d.txt	<5XPU2.5614$WG.1561@news.rdc1.tn.home.com>	<5XPU2.5614$WG.1561@news.rdc1.tn.home.com>#1/1	1999/04/26	day	1999-04-26T00:00:00+00:00	Re: 14 days and still NO SUPPORT for EQ	alt.games.everquest,comp.sys.ibm.pc.games.rpg	usenet-uat-pc-games	comp.sys.ibm.pc.games.rpg.usenet.7z	e0d373317b8f9b4b301d28e955c0d07a617641b7f4d0fc2f2ec8d9b6a3fd46d1	2242
alt.games.everquest-64e98380f0ef9a908ff27443e3105e4f5a0c9c2a2305a4ea3994f2184f8a3ae8.txt	<5g7F5.958$505.347783@news.uswest.net>	<5g7F5.958$505.347783@news.uswest.net>#1/1	2000/10/11	day	2000-10-11T00:00:00+00:00	Re: Verant Customer Service - what a joke !	comp.sys.ibm.pc.games.rpg,alt.games.everquest	usenet-uat-pc-games	comp.sys.ibm.pc.games.rpg.usenet.7z	331928282d0a3c6073bc3aa89ed9cf1cbdd5a668cee17f832a6d6d9e44972530	2205
alt.games.everquest-5fa771296cca1b441d18da6f3474c844070433206e02ca3b1007f89ac7d59f8d.txt	<5gv8esc0jd7bq5973s3fcniqgbrefhs7nc@4ax.com>	<5gv8esc0jd7bq5973s3fcniqgbrefhs7nc@4ax.com>#1/1	2000/03/31	day	2000-03-31T00:00:00+00:00	Re: Aureal apparently winding down	alt.games.everquest,comp.sys.ibm.pc.games.action,comp.sys.ibm.pc.games.adventure,comp.sys.ibm.pc.games.rpg,comp.sys.ibm.pc.games.strategic	usenet-uat-pc-games	comp.sys.ibm.pc.games.action.usenet.7z	a02eb85145d14b7d093cbd5a7463ed69d5df1cd1f8ad3d49179826f7c7b83ff3	2036
alt.games.everquest-fd30362d9c53b6b85e98980232d842ede2727eab26cada06a3ce38768b585f2a.txt	<5rf33.188$iI2.533@news.flash.net>	<5rf33.188$iI2.533@news.flash.net>	1999/05/27	day	1999-05-27T00:00:00+00:00	"Re: another ""Wish I had done something else"" EQ Night"	alt.games.everquest,comp.sys.ibm.pc.games.rpg	usenet-uat-pc-games	comp.sys.ibm.pc.games.rpg.usenet.7z	7968eb9c5f839260b6b7011a2b89f493474b71ff2368dd9d59873407088ffcb0	7354
alt.games.everquest-c6c74b5463e2f3b8425c0f920adb874bde3b30bf21574ed1ec4374dce0ec9edc.txt	<6Be33.378$5C.9610@typhoon.southeast.rr.com>	<6Be33.378$5C.9610@typhoon.southeast.rr.com>#1/1	1999/05/27	day	1999-05-27T00:00:00+00:00	Re: EverQuest:Follow Up Take	comp.sys.ibm.pc.games.rpg,alt.games.everquest	usenet-uat-pc-games	comp.sys.ibm.pc.games.rpg.usenet.7z	4dd2d680ec60c9b2c7cb7fd9e47869ae33c4846a950d44730449facb69bbc961	2457
alt.games.everquest-1e40a178b150599151519c004bb985b39d26bfb2ca1533e4ac1d4077dd5ca364.txt	<6hXE4.2046$6j4.131679@news1.primary.net>	<6hXE4.2046$6j4.131679@news1.primary.net>#1/1	2000/03/31	day	2000-03-31T00:00:00+00:00	Re: EA, Sega and Nintendo sue Yahoo?	alt.games.everquest,comp.sys.ibm.pc.games.action,comp.sys.ibm.pc.games.adventure,comp.sys.ibm.pc.games.rpg,comp.sys.ibm.pc.games.strategic	usenet-uat-pc-games	comp.sys.ibm.pc.games.action.usenet.7z	25c69d94098a1e765f34414931a628d6f99caa7690c676c4a898e7e0c0806eec	1682
alt.games.everquest-34500df16c72456d5ef6a6eda919c60f6d887cb3cf3c0dabe4fcd8169c419c1f.txt	<72t5gg$cj6$1@fir.prod.itd.earthlink.net>	<72t5gg$cj6$1@fir.prod.itd.earthlink.net>#1/1	1998/11/17	day	1998-11-17T00:00:00+00:00	Re: Call and win 10.000 USD!!!	alt.games.diablo,alt.games.everquest	usenet-uat-pc-games	alt.games.diablo.usenet.7z	5d78c24ff74faa72ab8e588817c051ec696b25a45fa8e83cfbb810c79715b421	914
alt.games.everquest-675d6ebc3a6532e4086f9909aa44fe8951981397b48662e1883a01950ab3b140.txt	<73kom6$dvl@newsops.execpc.com>	<73kom6$dvl@newsops.execpc.com>#1/1	1998/11/26	day	1998-11-26T00:00:00+00:00	Re: The Bible	alt.games.diablo,alt.games.everquest	usenet-uat-pc-games	alt.games.diablo.usenet.7z	04a888912aee573ac21e1c44ca36eae85441c71ba5663a14d6492b63afca8594	2002
alt.games.everquest-2661e184a0bdd61a89870a987b52890e10a77ca5a53515d9a8243d0d10b7ed61.txt	<744ovi$14m@sjx-ixn3.ix.netcom.com>	<744ovi$14m@sjx-ixn3.ix.netcom.com>#1/1	1998/12/02	day	1998-12-02T00:00:00+00:00	Re: Hah! I've proven argument from Design!	alt.games.diablo,alt.games.everquest,alt.games.final-fantasy	usenet-uat-pc-games	alt.games.diablo.usenet.7z	71433eb55e95688e5a20091d7468191614df76275ed9d96bc029b6b215fa2a3d	2551
alt.games.everquest-1e19194c377fde88dd7b1d6d65ee1afbc397eb0bf9b93a3cfc59b1b74d16f5e6.txt	<7crf10$ion$1@mark.ucdavis.edu>	<7crf10$ion$1@mark.ucdavis.edu>#1/1	1999/03/18	day	1999-03-18T00:00:00+00:00	Everquest - Early Comments	comp.sys.ibm.pc.games.rpg,alt.games.everquest	usenet-uat-pc-games	comp.sys.ibm.pc.games.rpg.usenet.7z	682e2f16867d3d5806cb88b33e6bdb91bce37e6d70b5b86495525cfd84dcfe6b	3732
alt.games.everquest-09f68ebfdd74ea2bdd5459ee0cc666cef824c11a7407f2e29f2741a0c74a8260.txt	<7crsj6$fhu$1@remarQ.com>	<7crsj6$fhu$1@remarQ.com>#1/1	1999/03/18	day	1999-03-18T00:00:00+00:00	Re: Everquest - Early Comments	comp.sys.ibm.pc.games.rpg,alt.games.everquest	usenet-uat-pc-games	comp.sys.ibm.pc.games.rpg.usenet.7z	8b6f74d494e0b090ec737c572711c1eeb637caf055552a8bfe8e4073c8e4bfdd	1335
alt.games.everquest-6b42caa8e9ab1fd8efca324e6ec4b6397015db955ebbc9a1ca5a58c94f3d5d9f.txt	<7csf28$b9p$5@fir.prod.itd.earthlink.net>	<7csf28$b9p$5@fir.prod.itd.earthlink.net>#1/1	1999/03/18	day	1999-03-18T00:00:00+00:00	Re: Everquest - Early Comments	comp.sys.ibm.pc.games.rpg,alt.games.everquest	usenet-uat-pc-games	comp.sys.ibm.pc.games.rpg.usenet.7z	e2c05b627c25a9c0e7d9b50b1e130d9b19e5021c8e8eb1cd65f761fefce43492	870
alt.games.everquest-00030a328a72e6225181ac69927824b9a3ebe00e600a069a7630dbf818dcfd83.txt	<7ctq72$k5v$1@camel21.mindspring.com>	<7ctq72$k5v$1@camel21.mindspring.com>#1/1	1999/03/19	day	1999-03-19T00:00:00+00:00	Re: Everquest - Early Comments	comp.sys.ibm.pc.games.rpg,alt.games.everquest	usenet-uat-pc-games	comp.sys.ibm.pc.games.rpg.usenet.7z	601502ca6da2f78de2358b9faee115ff99efabe41db2bcc09d33f6462b7b946f	1801
alt.games.everquest-d305dfa96b745909a1c570238dbc04145168a6b742b23f3e66ccdcd1facb4073.txt	<7cug6q$2d1e$1@news.gate.net>	<7cug6q$2d1e$1@news.gate.net>#1/1	1999/03/19	day	1999-03-19T00:00:00+00:00	Re: Everquest - Early Comments	comp.sys.ibm.pc.games.rpg,alt.games.everquest	usenet-uat-pc-games	comp.sys.ibm.pc.games.rpg.usenet.7z	e88421c4a2df68ea85417f704f33bd59d080915c20d98a1bfaa4184a922119ce	1303
alt.games.everquest-11d86e354c0a7a1058d54e79d6b3354693b92594d9cbbf10a5e43e0b5e060ea3.txt	<7d36ub$brh$1@cletus.bright.net>	<7d36ub$brh$1@cletus.bright.net>#1/1	1999/03/21	day	1999-03-21T00:00:00+00:00	EQ: Don't get down on people who complain!	alt.games.everquest,comp.sys.ibm.pc.games.rpg	usenet-uat-pc-games	comp.sys.ibm.pc.games.rpg.usenet.7z	ac73b6d323367239c4a6816d3efd3b43c941ad0db4bc74d63022e90a4bd68375	2565
alt.games.everquest-bf6ae62db29fc89f399a7a239ba56ab07764cd645e51fe0b4ccbfb63af98293c.txt	<7d3ri7$ill$1@cletus.bright.net>	<7d3ri7$ill$1@cletus.bright.net>#1/1	1999/03/21	day	1999-03-21T00:00:00+00:00	Re: Don't get down on people who complain!	alt.games.everquest,comp.sys.ibm.pc.games.rpg	usenet-uat-pc-games	comp.sys.ibm.pc.games.rpg.usenet.7z	4defd080e5e0ae8f15bf74a95aa364d220f2d49e608513fda5d2f6981742a460	1862
alt.games.everquest-8359eff477f078c7f3ce6a76bde721881a3a216c8b011989bc61f39a27d91a92.txt	<7d3rk9$imh$1@cletus.bright.net>	<7d3rk9$imh$1@cletus.bright.net>#1/1	1999/03/21	day	1999-03-21T00:00:00+00:00	Re: Don't get down on people who complain!	alt.games.everquest,comp.sys.ibm.pc.games.rpg	usenet-uat-pc-games	comp.sys.ibm.pc.games.rpg.usenet.7z	ed1efaf0270f8267ce05a8660fd21abe4d4510aa1ccf0a582354802a6c603395	1856
alt.games.everquest-032224eaaaead042b5eecf392af55bf3245c297f69854e4d34a9f4ed0bc6ecc7.txt	<7d47c3$m7h$1@cletus.bright.net>	<7d47c3$m7h$1@cletus.bright.net>	1999/03/21	day	1999-03-21T00:00:00+00:00	Re: EQ: Don't get down on people who complain!	alt.games.everquest,comp.sys.ibm.pc.games.rpg	usenet-uat-pc-games	comp.sys.ibm.pc.games.rpg.usenet.7z	dbcdcdbb90d0303ce6fa9b03b6390acd2d5f8da26939d398ce22776d7a172ef5	5861
alt.games.everquest-f351a52779240a73b0cfbb02d48817eb69bd958216dbfcee51ab09c2e79e7aaf.txt	<7d5hp7$do0$1@newsin-1.starnet.net>	<7d5hp7$do0$1@newsin-1.starnet.net>#1/1	1999/03/22	day	1999-03-22T00:00:00+00:00	Re: Don't get down on people who complain!	alt.games.everquest,comp.sys.ibm.pc.games.rpg	usenet-uat-pc-games	comp.sys.ibm.pc.games.rpg.usenet.7z	4f0f8c47f67ede2a82c06eab9ae287057c2068d9eeeaa2c684bb75741d777ddc	1244
alt.games.everquest-37ee0d76254c29511bc0322960d92275b26b80575e4b39ddaa0a68338538883a.txt	<7d5p26$dms$1@news-2.news.gte.net>	<7d5p26$dms$1@news-2.news.gte.net>#1/1	1999/03/22	day	1999-03-22T00:00:00+00:00	Re: EQ: Don't get down on people who complain!	alt.games.everquest,comp.sys.ibm.pc.games.rpg	usenet-uat-pc-games	comp.sys.ibm.pc.games.rpg.usenet.7z	c181e64321b644ee3d6ccd6232efba387a0d334a2f3c6983cda210b70cc13d4d	1053
alt.games.everquest-bbdbc9d55ea45920affc39a695541d7dade4b653458ae46df0ee934581c186e6.txt	<7d607d$65s$1@hiram.io.com>	<7d607d$65s$1@hiram.io.com>#1/1	1999/03/22	day	1999-03-22T00:00:00+00:00	Re: Don't get down on people who complain!	alt.games.everquest,comp.sys.ibm.pc.games.rpg	usenet-uat-pc-games	comp.sys.ibm.pc.games.rpg.usenet.7z	524b74f15817b4c223ee3cbd77754b5fcd3b2246dfe7d039a16b9b1fe90ff752	901
alt.games.everquest-81d7a47adf231ed6ede87bf43bf2d17f2466d49c405e13d7ab5b24ca468d11f5.txt	<7d8fat$rl5$1@hiram.io.com>	<7d8fat$rl5$1@hiram.io.com>#1/1	1999/03/23	day	1999-03-23T00:00:00+00:00	Re: Don't get down on people who complain!	alt.games.everquest,comp.sys.ibm.pc.games.rpg	usenet-uat-pc-games	comp.sys.ibm.pc.games.rpg.usenet.7z	66ed1808b48871a3e318153f47eb1e2db355924d46ebea51c8be200e541963f6	2631
alt.games.everquest-09f12718a21328a57d479a67743092f410409b06c679c90bb08b9117643bbc92.txt	<7db8kl$ig1$1@cletus.bright.net>	<7db8kl$ig1$1@cletus.bright.net>#1/1	1999/03/24	day	1999-03-24T00:00:00+00:00	Everquest: Glad I didn't return it	comp.sys.ibm.pc.games.rpg,alt.games.everquest	usenet-uat-pc-games	comp.sys.ibm.pc.games.rpg.usenet.7z	ee7910d36f311022366089415840c71aec35ac563b2a1dbca750a86025fcf598	2769
alt.games.everquest-f29a02adf454dbae015a56ab7b9aa1cec520bf103d5b9fdf0b7d7fa0e2068e8b.txt	<7dc15e$4ku@newsops.execpc.com>	<7dc15e$4ku@newsops.execpc.com>#1/1	1999/03/25	day	1999-03-25T00:00:00+00:00	Re: Everquest: Glad I didn't return it	comp.sys.ibm.pc.games.rpg,alt.games.everquest	usenet-uat-pc-games	comp.sys.ibm.pc.games.rpg.usenet.7z	2adcbe522817cfd5b4ab639ab8a4a650b36693fe971e2e6bab14375344c99068	3092
alt.games.everquest-7a99c3d686d15faddfb16fb18e78e4c7c9000b29747b7b648b1acffb06cfb60a.txt	<7edf41$cbn$2@coward.ks.cc.utah.edu>	<7edf41$cbn$2@coward.ks.cc.utah.edu>#1/1	1999/04/06	day	1999-04-06T00:00:00+00:00	Re: EQ: Some newbie-ish questions	comp.sys.ibm.pc.games.rpg,alt.games.everquest	usenet-uat-pc-games	comp.sys.ibm.pc.games.rpg.usenet.7z	010a48f3566a95f7acf44dd8a324d265ac8cdd1517aadb4c83ccfe0ca2e71590	709
alt.games.everquest-54b219360a8142cca156d0b4a161e699ec15d6ea12056ce0c814d73ed71f113d.txt	<7edqos$nq5$1@cletus.bright.net>	<7edqos$nq5$1@cletus.bright.net>#1/1	1999/04/06	day	1999-04-06T00:00:00+00:00	Re: EQ: Some newbie-ish questions	comp.sys.ibm.pc.games.rpg,alt.games.everquest	usenet-uat-pc-games	comp.sys.ibm.pc.games.rpg.usenet.7z	35aab848df508a85471eb68dd8c33955ae6fb3a1d975289fabb2a1acd0dc048a	871
alt.games.everquest-8876045d37d91a4641fedc51cebda0bbaf0188642465e80699128f39acb59e5c.txt	<7egjd7$jh9$1@engnews2.Eng.Sun.COM>	<7egjd7$jh9$1@engnews2.Eng.Sun.COM>#1/1	1999/04/07	day	1999-04-07T00:00:00+00:00	Re: I want EQ, but have questions first. Please help!	alt.games.everquest,comp.sys.ibm.pc.games.rpg	usenet-uat-pc-games	comp.sys.ibm.pc.games.rpg.usenet.7z	718bf9c2be2a7385244aeb9572462682fae77feee1f6c0b8c90119f343982938	1106
alt.games.everquest-98d426503b002abed2b4b6c6f2d73df87127164c793a0cc2078d4184625742f0.txt	<7f9pl9$eqb$66@front7.grolier.fr>	<7f9pl9$eqb$66@front7.grolier.fr>#1/1	1999/04/15	day	1999-04-15T00:00:00+00:00	Re: Don't get down on people who complain!	alt.games.everquest,comp.sys.ibm.pc.games.rpg	usenet-uat-pc-games	comp.sys.ibm.pc.games.rpg.usenet.7z	2bf8cbf558b4dfd02e9c62f8f3d67fca5bd9ba381d60cfdf29eb7576284d8e48	891
alt.games.everquest-a7c69d6881244e5b54ccbca5f4ccacdf02dbb00b6fa4c5b66db6fe003371b6a2.txt	<7fht3l$1uaq$1@tines.hsc.fr>	<7fht3l$1uaq$1@tines.hsc.fr>#1/1	1999/04/20	day	1999-04-20T00:00:00+00:00	Re: Don't get down on people who complain!	alt.games.everquest,comp.sys.ibm.pc.games.rpg	usenet-uat-pc-games	comp.sys.ibm.pc.games.rpg.usenet.7z	511fae42d8c34ece2a75cfb3190b617735ed7d7638c53aac988629e533e643e3	1517
alt.games.everquest-2aab8a94291808c16819caaec484800a7c1969fdc364d32a685445281de0a8c9.txt	<7fip3o$o2s$1@nntp6.u.washington.edu>	<7fip3o$o2s$1@nntp6.u.washington.edu>#1/1	1999/04/20	day	1999-04-20T00:00:00+00:00	Re: EverQuest:Follow Up Take	comp.sys.ibm.pc.games.rpg,alt.games.everquest	usenet-uat-pc-games	comp.sys.ibm.pc.games.rpg.usenet.7z	5ab520706c77fb0b6af50c246586e9a312abd51f7cd1ec46a33e9ab5aeea6098	1522
alt.games.everquest-3423bda3edbdbd2cd6db1083459591c047864d582e39556b9d9cca7f96e13918.txt	<7fjt40$cva$1@news.xinit.se>	<7fjt40$cva$1@news.xinit.se>#1/1	1999/04/21	day	1999-04-21T00:00:00+00:00	Re: EverQuest:Follow Up Take	comp.sys.ibm.pc.games.rpg,alt.games.everquest	usenet-uat-pc-games	comp.sys.ibm.pc.games.rpg.usenet.7z	b0fd26bc16032ee9e7a1a20a1932ed3b8078a9e17135c6febd9a632c09b7855b	2095
alt.games.everquest-597954bfc646cc8fe7de8ae0388f261c99cf7e06e5fecc2c78418218a640faa3.txt	<7fnl0u$8h5$1@news.wrc.xerox.com>	<7fnl0u$8h5$1@news.wrc.xerox.com>#1/1	1999/04/22	day	1999-04-22T00:00:00+00:00	Re: EverQuest:Follow Up Take	comp.sys.ibm.pc.games.rpg,alt.games.everquest	usenet-uat-pc-games	comp.sys.ibm.pc.games.rpg.usenet.7z	9829b805f25163b391d05f4b155b6381961e7a46204fb843918e801ec0ecf43e	2206
alt.games.everquest-51458f1e0fe8b18e18205ad7a0db5e4b876672d41480d0cf81e345fd5cd5f906.txt	<7fsau2$luq$1@news2.tor.accglobal.net>	<7fsau2$luq$1@news2.tor.accglobal.net>#1/1	1999/04/24	day	1999-04-24T00:00:00+00:00	Re: 14 days and still NO SUPPORT for EQ	alt.games.everquest,comp.sys.ibm.pc.games.rpg	usenet-uat-pc-games	comp.sys.ibm.pc.games.rpg.usenet.7z	b273c9623e490a765501f8e78f64997241e164c878e21d49c1fa776eed9a2ca1	1561
alt.games.everquest-3041b90d6830a2c41011afe7f32d82f3ec5a35c8551d0c7d4909716647cbb8fc.txt	<7ft3iv$at3@dfw-ixnews10.ix.netcom.com>	<7ft3iv$at3@dfw-ixnews10.ix.netcom.com>#1/1	1999/04/24	day	1999-04-24T00:00:00+00:00	Re: 14 days and still NO SUPPORT for EQ	alt.games.everquest,comp.sys.ibm.pc.games.rpg	usenet-uat-pc-games	comp.sys.ibm.pc.games.rpg.usenet.7z	271dadadfea92c4f81f3d9202be8ce69c26a532aaf14fbd5378b499620d01389	2379
alt.games.everquest-06e37d52178266716cf115eeaa66d3d44bd8d0b62ff335e310f5efd75b3fa051.txt	<7g4488$9sg$1@news.xinit.se>	<7g4488$9sg$1@news.xinit.se>#1/1	1999/04/27	day	1999-04-27T00:00:00+00:00	time for a new thread	alt.games.everquest,comp.sys.ibm.pc.games.rpg	usenet-uat-pc-games	comp.sys.ibm.pc.games.rpg.usenet.7z	5c032334e3b9ae5fd7e2d1e582b5e2071531ebafeb41505ac86167e94a1611ad	1129
alt.games.everquest-a2018b428115bf4cd5987f6c03dda8dcc719aa83e7ae2ad80c9e957ae5e07564.txt	<7id09o$gfq$1@bgtnsc01.worldnet.att.net>	<7id09o$gfq$1@bgtnsc01.worldnet.att.net>#1/1	1999/05/24	day	1999-05-24T00:00:00+00:00	"Re: another ""Wish I had done something else"" EQ Night"	alt.games.everquest,comp.sys.ibm.pc.games.rpg	usenet-uat-pc-games	comp.sys.ibm.pc.games.rpg.usenet.7z	7abcc615251420297ca6a9236123b7f63adeeae3387903bdcd2b685880346517	1956
alt.games.everquest-89bdc72d2475f4a8d0be26cc487d62e3716e730a8ee1069d4ec5eb14c230b0f9.txt	<7ie7gq$59q$1@news.xinit.se>	<7ie7gq$59q$1@news.xinit.se>#1/1	1999/05/25	day	1999-05-25T00:00:00+00:00	"Re: another ""Wish I had done something else"" EQ Night"	alt.games.everquest,comp.sys.ibm.pc.games.rpg	usenet-uat-pc-games	comp.sys.ibm.pc.games.rpg.usenet.7z	0cf0d617169354a80dfd041d11aac00e0bf7488738c7bed6872d265a4b7db507	2539
alt.games.everquest-ab8bf4a58f9e8a3c7d09d38cc9dc370950927a820d7ecfcbf60dac50240b5f94.txt	<7ie8fc$5fu$1@news.xinit.se>	<7ie8fc$5fu$1@news.xinit.se>	1999/05/25	day	1999-05-25T00:00:00+00:00	"Re: another ""Wish I had done something else"" EQ Night"	alt.games.everquest,comp.sys.ibm.pc.games.rpg	usenet-uat-pc-games	comp.sys.ibm.pc.games.rpg.usenet.7z	ec0c5c4b87c409b1229e71da9345090c1804c8b5e9ea4e2c18b3706e444d6643	8883
alt.games.everquest-47ca7ca192480c9af575ce53e9256de32051e70cc41da1eb5fb1ac68aa6b269e.txt	<7ie8p6$5lj$1@news.xinit.se>	<7ie8p6$5lj$1@news.xinit.se>#1/1	1999/05/25	day	1999-05-25T00:00:00+00:00	"Re: another ""Wish I had done something else"" EQ Night"	alt.games.everquest,comp.games,comp.sys.ibm.pc.games.rpg	usenet-uat-pc-games	comp.sys.ibm.pc.games.rpg.usenet.7z	1669a2180eb6c339550fd23bba43c00053da22fc4a1ec89ed5a347f21f0923f0	3583
alt.games.everquest-9784c1af17d04430b7b05ad4624e8f3c6ea7823aed4bc556e77d20ac2f9075d8.txt	<7iea7o$j5u$1@igateway.postoffice.co.uk>	<7iea7o$j5u$1@igateway.postoffice.co.uk>#1/1	1999/05/25	day	1999-05-25T00:00:00+00:00	"Re: another ""Wish I had done something else"" EQ Night"	alt.games.everquest,comp.sys.ibm.pc.games.rpg	usenet-uat-pc-games	comp.sys.ibm.pc.games.rpg.usenet.7z	7a5fc18a1056bc40dd790eb0a3a77f220c5c05ca2883dd653975e1feb32b5b1a	2862
alt.games.everquest-9e9bde5b9c21405295f979d37e6925688d67f0b63e6a923fb06ba6d47f1913d4.txt	<7ierd9$qfs$1@remarQ.com>	<7ierd9$qfs$1@remarQ.com>	1999/05/25	day	1999-05-25T00:00:00+00:00	"Re: another ""Wish I had done something else"" EQ Night"	alt.games.everquest,comp.sys.ibm.pc.games.rpg	usenet-uat-pc-games	comp.sys.ibm.pc.games.rpg.usenet.7z	d797e4e3ddcd4746e5a5f00844099dac31216c740ef5727bea21fa95203c92b5	7194
alt.games.everquest-e20be0ebd076b73bb1f2b06b337c7b9261793362c9bb59044e3468f11a57c5d9.txt	<7if2an$esu$1@nnrp1.deja.com>	<7if2an$esu$1@nnrp1.deja.com>#1/1	1999/05/25	day	1999-05-25T00:00:00+00:00	"Re: another ""Wish I had done something else"" EQ Night"	alt.games.everquest,comp.sys.ibm.pc.games.rpg	usenet-uat-pc-games	comp.sys.ibm.pc.games.rpg.usenet.7z	044aec7f7c38295260b8c118e717a811b6ce775c95155b0cd471a8dbd01125bb	2549
alt.games.everquest-415720d32c6e1878916a7a1a2b390aa40f55e6a45f4d723e1bae8ff23f165e44.txt	<7ihtu8$aui@access2.digex.net>	<7ihtu8$aui@access2.digex.net>#1/1	1999/05/26	day	1999-05-26T00:00:00+00:00	Re: EverQuest:Follow Up Take	comp.sys.ibm.pc.games.rpg,alt.games.everquest	usenet-uat-pc-games	comp.sys.ibm.pc.games.rpg.usenet.7z	f9dd60baba961c1169e15be3055840968e4c9a8875dc96fa8d8d2d1d4a2ec111	2977
alt.games.everquest-bfeb54df71b26bb17797dac868e62750047eb6a09b55c06f509705448b499e17.txt	<7iiob9$mst$1@ash.prod.itd.earthlink.net>	<7iiob9$mst$1@ash.prod.itd.earthlink.net>#1/1	1999/05/27	day	1999-05-27T00:00:00+00:00	"Re: another ""Wish I had done something else"" EQ Night"	alt.games.everquest,comp.sys.ibm.pc.games.rpg	usenet-uat-pc-games	comp.sys.ibm.pc.games.rpg.usenet.7z	a3ed99f12f51faead74e58d04121e46c184bc736408dd0d070b3ff69f817450b	3075
alt.games.everquest-ff4fcf1c27096fcd75a766070ee286caf643960ed455d3db964f28a249a2b941.txt	<7ijgom$4c4$1@igateway.postoffice.co.uk>	<7ijgom$4c4$1@igateway.postoffice.co.uk>#1/1	1999/05/27	day	1999-05-27T00:00:00+00:00	"Re: another ""Wish I had done something else"" EQ Night"	alt.games.everquest,comp.sys.ibm.pc.games.rpg	usenet-uat-pc-games	comp.sys.ibm.pc.games.rpg.usenet.7z	0fcee49f6ca30fe628616e25eda8e86d602b0694b9996dae8f23d2ef48a78eb7	1678
alt.games.everquest-f81a208d36afb4ef7bc27e8eea1e414e3e66803d7bfa3bd077c4ba515b325b6a.txt	<7ijkft$n3o$1@news.xinit.se>	<7ijkft$n3o$1@news.xinit.se>#1/1	1999/05/27	day	1999-05-27T00:00:00+00:00	Re: EverQuest:Follow Up Take	comp.sys.ibm.pc.games.rpg,alt.games.everquest	usenet-uat-pc-games	comp.sys.ibm.pc.games.rpg.usenet.7z	d665814af19f4691d702d2ae626efa67ae39e2952dd02de7002ab77441604be8	3933
alt.games.everquest-97b64572ebef9f08b7564ddabbdf850978183cc630b2565aea5592d6542466d3.txt	<7ik8q2$kra$6@mark.ucdavis.edu>	<7ik8q2$kra$6@mark.ucdavis.edu>#1/1	1999/05/27	day	1999-05-27T00:00:00+00:00	"Re: another ""Wish I had done something else"" EQ Night"	alt.games.everquest,comp.sys.ibm.pc.games.rpg	usenet-uat-pc-games	comp.sys.ibm.pc.games.rpg.usenet.7z	0b06c7f7d69758933be0ca4fcc49b1b18ae7d0896f11a62221784fab799776f3	1796
alt.games.everquest-9aa7b089ecd5400c613c13151f8b60f4aa52d914cecbd02441a68ec6e6288296.txt	<7ikphr$8du@access1.digex.net>	<7ikphr$8du@access1.digex.net>	1999/05/28	day	1999-05-28T00:00:00+00:00	Re: EverQuest:Follow Up Take	comp.sys.ibm.pc.games.rpg,alt.games.everquest	usenet-uat-pc-games	comp.sys.ibm.pc.games.rpg.usenet.7z	965ffb0cdec60b591a55656a8d3ed503c4d3d4f484aed84afae69554caf0e43a	6907
alt.games.everquest-2f9d2004b966e2fc2606928733b3fa5b8fb3e52dc6b4b20cf3fd1229389c465b.txt	<7ilt03$c8j$1@news.xinit.se>	<7ilt03$c8j$1@news.xinit.se>#1/1	1999/05/28	day	1999-05-28T00:00:00+00:00	"Re: another ""Wish I had done something else"" EQ Night"	alt.games.everquest,comp.sys.ibm.pc.games.rpg	usenet-uat-pc-games	comp.sys.ibm.pc.games.rpg.usenet.7z	2a526bd910bc17646ab99b0e9f4d0c866521f0c260c38f76ab417bd4f2265669	1299
alt.games.everquest-f314a8af44a8dae94d784e3bee678d9e26be1fbd3a1596fb8765fb762e2950af.txt	<7in5ou$c4m$1@ocean.cup.hp.com>	<7in5ou$c4m$1@ocean.cup.hp.com>#1/1	1999/05/28	day	1999-05-28T00:00:00+00:00	"Re: another ""Wish I had done something else"" EQ Night"	alt.games.everquest,comp.sys.ibm.pc.games.rpg	usenet-uat-pc-games	comp.sys.ibm.pc.games.rpg.usenet.7z	b8e415a84b3d0e3f29442c49425229beaadfc4362fdaa2077ac69e5aeea9ee27	870
alt.games.everquest-34d87dfb4996c475ebf259fdae7c5cedf42a3aeac0cd5c12c5d76f173fd9589d.txt	<7is767$rgt$1@oak.prod.itd.earthlink.net>	<7is767$rgt$1@oak.prod.itd.earthlink.net>	1999/05/30	day	1999-05-30T00:00:00+00:00	Re: EverQuest:Follow Up Take	comp.sys.ibm.pc.games.rpg,alt.games.everquest	usenet-uat-pc-games	comp.sys.ibm.pc.games.rpg.usenet.7z	93b64411a918ce54802aea8d50d8895675a1242c8d2fed84505e5572d414a420	8307
alt.games.everquest-396f08ee6bbe19fd58d1063f5daeed4ca2d97b4c563b199f8f36b529411d8234.txt	<7jffcd$7i5$1@news5.jaring.my>	<7jffcd$7i5$1@news5.jaring.my>#1/1	1999/06/07	day	1999-06-07T00:00:00+00:00	Re: Warning! Off subject. Star wars review.	alt.games.everquest,comp.sys.ibm.pc.games.adventure,comp.sys.ibm.pc.games.rpg	usenet-uat-pc-games	comp.sys.ibm.pc.games.adventure.usenet.7z	b4cbd8bb4f9921f4034b15ce22ee53e25566c7eca4f94dfa7ae739cc46bfb36f	1417
alt.games.everquest-e97e3255d524f51aacb4140d80098a5b95d1b59bb5647d2f259a8e375f3056a3.txt	<7jgv33$fbu$1@nntp6.atl.mindspring.net>	<7jgv33$fbu$1@nntp6.atl.mindspring.net>#1/1	1999/06/07	day	1999-06-07T00:00:00+00:00	Re: Warning! Off subject. Star wars review.	alt.games.everquest,comp.sys.ibm.pc.games.adventure,comp.sys.ibm.pc.games.rpg	usenet-uat-pc-games	comp.sys.ibm.pc.games.adventure.usenet.7z	7ab40da5eba3674ac6d77318688b6064d13ae408d4caa9c76db413cd01ed85b4	3498
alt.games.everquest-5320aee639b8c1c86d1f83105d05767351fa437e8b3aefb6fd95730bcddcbb16.txt	<7ji6bh$6j4$2@charm.magnus.acs.ohio-state.edu>	<7ji6bh$6j4$2@charm.magnus.acs.ohio-state.edu>#1/1	1999/06/08	day	1999-06-08T00:00:00+00:00	Re: Warning! Off subject. Star wars review.	alt.games.everquest,comp.sys.ibm.pc.games.adventure,comp.sys.ibm.pc.games.rpg	usenet-uat-pc-games	comp.sys.ibm.pc.games.adventure.usenet.7z	75e15cfe11e1f047b612689236c34e6187a3d48c98c4bf8d1c9b771be10776a9	2483
alt.games.everquest-ab3a92303b46011296570d5068e6ebcaebe74b380544a353c382187fdfacd5f5.txt	<7k0tbo$gc8$1@nntp9.atl.mindspring.net>	<7k0tbo$gc8$1@nntp9.atl.mindspring.net>#1/1	1999/06/13	day	1999-06-13T00:00:00+00:00	Re: Warning! Off subject. Star wars review.	alt.games.everquest,comp.sys.ibm.pc.games.adventure,comp.sys.ibm.pc.games.rpg	usenet-uat-pc-games	comp.sys.ibm.pc.games.adventure.usenet.7z	4305d69f8b7c99a6e9d91610d8001b5bff65544400a3e1076da06321f9d6ca50	1425
alt.games.everquest-71b9b3c2e1691927ad19ea82a8afc82f001246fb82c1c955a6909c8d167d099d.txt	<7k47lt$lgb$1@nntp8.atl.mindspring.net>	<7k47lt$lgb$1@nntp8.atl.mindspring.net>#1/1	1999/06/14	day	1999-06-14T00:00:00+00:00	Re: Warning! Off subject. Star wars review.	alt.games.everquest,comp.sys.ibm.pc.games.adventure,comp.sys.ibm.pc.games.rpg	usenet-uat-pc-games	comp.sys.ibm.pc.games.adventure.usenet.7z	ed23ec59931bc399c998e836686115a92f959ee946fd4489e0f61136c422c84d	1476
alt.games.everquest-15e014193e865b67307b0d1c5e09dc156e4822722ed80e5bbcc16cfbeb4464d6.txt	<7k623b$3vk$1@phxtst22.phx1.aro.allied.com>	<7k623b$3vk$1@phxtst22.phx1.aro.allied.com>#1/1	1999/06/15	day	1999-06-15T00:00:00+00:00	Re: Warning! Off subject. Star wars review.	alt.games.everquest,comp.sys.ibm.pc.games.adventure,comp.sys.ibm.pc.games.rpg	usenet-uat-pc-games	comp.sys.ibm.pc.games.adventure.usenet.7z	dccb179f5b43b1ea875db9a2029f7654bd32dda13018356fbc1dd8a9a9c123a7	1973
alt.games.everquest-f8f8ecf1866c70bb7e7b7a1ffbad66be76ad7880617116a3dcdd2b278525cc5a.txt	<7k8bg6$ej7$1@nntp8.atl.mindspring.net>	<7k8bg6$ej7$1@nntp8.atl.mindspring.net>#1/1	1999/06/16	day	1999-06-16T00:00:00+00:00	Re: Warning! Off subject. Star wars review.	alt.games.everquest,comp.sys.ibm.pc.games.adventure,comp.sys.ibm.pc.games.rpg	usenet-uat-pc-games	comp.sys.ibm.pc.games.adventure.usenet.7z	30d8e750d3fb198a8bd9c9a5e91c2eb3b3d86efaa70608b50d71309ffe5c069d	2813
alt.games.everquest-720d83654498b4b3efe0df73c50342054276ee1328149bf40dc2c7ac7a5cbe84.txt	<7k8m1t$2ta$2@phxtst22.phx1.aro.allied.com>	<7k8m1t$2ta$2@phxtst22.phx1.aro.allied.com>#1/1	1999/06/16	day	1999-06-16T00:00:00+00:00	Re: Warning! Off subject. Star wars review.	alt.games.everquest,comp.sys.ibm.pc.games.adventure,comp.sys.ibm.pc.games.rpg	usenet-uat-pc-games	comp.sys.ibm.pc.games.adventure.usenet.7z	0df18fac2370bb815b13fd0736eac0db0b381daf0941c9515764340b821d1153	2135
alt.games.everquest-2506078c7e368ace6bdf6b11f2b9905443d907aa10d5a85322ed1cda6b3a748b.txt	<7k90km$o43$1@nntp5.atl.mindspring.net>	<7k90km$o43$1@nntp5.atl.mindspring.net>#1/1	1999/06/16	day	1999-06-16T00:00:00+00:00	Re: Warning! Off subject. Star wars review.	alt.games.everquest,comp.sys.ibm.pc.games.adventure,comp.sys.ibm.pc.games.rpg	usenet-uat-pc-games	comp.sys.ibm.pc.games.adventure.usenet.7z	06c8c94cdbc6c3ac7597b292d189a0f16314cafd578ba2085161dad141888a8b	1352
alt.games.everquest-f34ff03dd048e0b8ef038c74d06718c4920a652fa5f8419238b87be99da0d1a1.txt	<7ke8q7$gco$2@news5.svr.pol.co.uk>	<7ke8q7$gco$2@news5.svr.pol.co.uk>#1/1	1999/06/17	day	1999-06-17T00:00:00+00:00	Re: Warning! Off subject. Star wars review.	alt.games.everquest,comp.sys.ibm.pc.games.adventure,comp.sys.ibm.pc.games.rpg	usenet-uat-pc-games	comp.sys.ibm.pc.games.adventure.usenet.7z	be18b72afe3b37313383ad32f631d95aa44c117a33e275140b89830d77f346ac	1811
alt.games.everquest-9976b1cbf50666ff002e22b880124e94e06230490b7ff4e86a1c90ae7e9679dc.txt	<7ketr6$er4$1@nntp4.atl.mindspring.net>	<7ketr6$er4$1@nntp4.atl.mindspring.net>#1/1	1999/06/18	day	1999-06-18T00:00:00+00:00	Re: Warning! Off subject. Star wars review.	alt.games.everquest,comp.sys.ibm.pc.games.adventure,comp.sys.ibm.pc.games.rpg	usenet-uat-pc-games	comp.sys.ibm.pc.games.adventure.usenet.7z	9f6aff01a351891442b5d82308c9125b1bd900c2c328bf25ed043755bde0fd00	1447
alt.games.everquest-4f02f16290e149c7aa3063d4a5822fc8d269b96fe3a95d9a9787c926d75ca6b4.txt	<7kig0d$bu0$1@nntp6.atl.mindspring.net>	<7kig0d$bu0$1@nntp6.atl.mindspring.net>#1/1	1999/06/20	day	1999-06-20T00:00:00+00:00	Re: Warning! Off subject. Star wars review.	alt.games.everquest,comp.sys.ibm.pc.games.adventure,comp.sys.ibm.pc.games.rpg	usenet-uat-pc-games	comp.sys.ibm.pc.games.adventure.usenet.7z	6eefc4fdd2df8b1aaad35bfa3b6d126e1c783b893487652797b86f68e3e42a7e	3083
alt.games.everquest-de9d7fc81c4473a31b00d151c4ba35b09e43a6659d51cdcf9c34686aaf271eab.txt	<7kjpjm$ahv$1@autumn.news.rcn.net>	<7kjpjm$ahv$1@autumn.news.rcn.net>#1/1	1999/06/20	day	1999-06-20T00:00:00+00:00	Re: Warning! Off subject. Star wars review.	alt.games.everquest,comp.sys.ibm.pc.games.adventure,comp.sys.ibm.pc.games.rpg	usenet-uat-pc-games	comp.sys.ibm.pc.games.adventure.usenet.7z	5c075808e8444d9a2f796371d1c03a9d3dab61e077592e911da094b8de7c7c74	2296
alt.games.everquest-bd53d82d5067ac7f6b207942d3b49382b89874b49003d9fa9e618b040ceb9783.txt	<7km5bs$8a0$1@autumn.news.rcn.net>	<7km5bs$8a0$1@autumn.news.rcn.net>#1/1	1999/06/21	day	1999-06-21T00:00:00+00:00	Re: Warning! Off subject. Star wars review.	alt.games.everquest,comp.sys.ibm.pc.games.adventure,comp.sys.ibm.pc.games.rpg	usenet-uat-pc-games	comp.sys.ibm.pc.games.adventure.usenet.7z	a72598d21663ac464170805478ab9b4df203840160c73243439c00877863f301	3077
alt.games.everquest-07069823e8ada12dd3f2b713be3604b886603aece77d44072187a4544462c57f.txt	<839962B2675E7733.8CC57D4D41D35807.B72EEF6B3A9285DC@library-proxy.airnews.net>	<839962B2675E7733.8CC57D4D41D35807.B72EEF6B3A9285DC@library-proxy.airnews.net>#1/1	1999/04/04	day	1999-04-04T00:00:00+00:00	Re: I want EQ, but have questions first. Please help!	alt.games.everquest,comp.sys.ibm.pc.games.rpg	usenet-uat-pc-games	comp.sys.ibm.pc.games.rpg.usenet.7z	a28983d122b8c2fb97150dfe4f06f390c691bcd0f17c70feeb2dabb3e49a109f	1669
alt.games.everquest-1554288b3b9d863b5a6ec9e5d14aa70d952c5e826bf23c22082a6b6aec6dc3ed.txt	<83dlhq$2ppa$1@tines.hsc.fr>	<83dlhq$2ppa$1@tines.hsc.fr>#1/1	1999/12/17	day	1999-12-17T00:00:00+00:00	Re: FS at ebay, account and game.	comp.sys.ibm.pc.games.rpg,alt.games.everquest	usenet-uat-pc-games	comp.sys.ibm.pc.games.rpg.usenet.7z	e05ff1ad5a35bf5ba6c22a6d186be2bce68ecbe84d6ffc60f317e6f701e1b8ef	902
alt.games.everquest-d436741209efcffd20cd7ac38c1289c44c9abb27936b37455f88ab52e0ee0212.txt	<88ephj$o2r$1@reznor.larc.nasa.gov>	<88ephj$o2r$1@reznor.larc.nasa.gov>#1/1	2000/02/16	day	2000-02-16T00:00:00+00:00	Re: Latest on legislation directly afffecting you as a software consumer	alt.games.everquest,comp.sys.ibm.pc.games.rpg,comp.sys.ibm.pc.games.strategic	usenet-uat-pc-games	comp.sys.ibm.pc.games.rpg.usenet.7z	482d64b7bb541cf3864aa541559ccec62afeddd80c95cb9cf9867be8f8ff7deb	1568
alt.games.everquest-97f871b6920d857c9e43b822fbaacbf9b2a82e52a1b1e88cf3e8848506edc424.txt	<88f4og$tib$1@netnews.upenn.edu>	<88f4og$tib$1@netnews.upenn.edu>#1/1	2000/02/16	day	2000-02-16T00:00:00+00:00	Re: Latest on legislation directly afffecting you as a software consumer	alt.games.everquest,comp.sys.ibm.pc.games.rpg,comp.sys.ibm.pc.games.strategic	usenet-uat-pc-games	comp.sys.ibm.pc.games.rpg.usenet.7z	c6da306f30ca6046962f161637f1c6aadcaf997d934822e148e91c8592356060	1746
alt.games.everquest-e9fc2ee6d0e60534753b216d4e2d5550de32bbd3b3efea5b82b82a6d03ce9d87.txt	<88h7hm$bpp$1@dailyplanet.wam.umd.edu>	<88h7hm$bpp$1@dailyplanet.wam.umd.edu>#1/1	2000/02/17	day	2000-02-17T00:00:00+00:00	Re: Latest on legislation directly afffecting you as a software consumer	alt.games.everquest,comp.sys.ibm.pc.games.rpg,comp.sys.ibm.pc.games.strategic	usenet-uat-pc-games	comp.sys.ibm.pc.games.rpg.usenet.7z	9cb3fe91aa87842fe58776c0131594a1444ddc09e073390cad4ddc5ab10748c4	2566
alt.games.everquest-63e098bf2d4278011c4d7612ca2e15886bbd15aa2494343058d1eb2a3d6b81cb.txt	<8900v7$9vn$1@nnrp1.deja.com>	<8900v7$9vn$1@nnrp1.deja.com>#1/1	2000/02/23	day	2000-02-23T00:00:00+00:00	Re: Current sound cards for gaming and my findings	alt.games.everquest,comp.sys.ibm.pc.games.action,comp.sys.ibm.pc.games.adventure,comp.sys.ibm.pc.games.rpg	usenet-uat-pc-games	comp.sys.ibm.pc.games.action.usenet.7z	1353c9dfb9a73c56e33952998151a73d90397e940a5142c84359f4ca4dacce55	2216
alt.games.everquest-9dd5957bdf75c4e277c74d56878c4b61f65aa28474be2f25ebdafd912d543c77.txt	<8E9E6C7DDroadkillaromacom@207.126.101.100>	<8E9E6C7DDroadkillaromacom@207.126.101.100>#1/1	1999/12/16	day	1999-12-16T00:00:00+00:00	Re: FS at ebay, account and game.	comp.sys.ibm.pc.games.rpg,alt.games.everquest	usenet-uat-pc-games	comp.sys.ibm.pc.games.rpg.usenet.7z	a603bd6513f78e77d44003c12a30c6245ee0d2a1d8057f6861edf654dbf186a2	845
alt.games.everquest-58e8ad0a9b5a35b0bb3b3c5107967c027ea5007627353383d4a5cfecaec2246e.txt	<8F452CA71violetturkeys@207.126.101.100>	<8F452CA71violetturkeys@207.126.101.100>#1/1	2000/05/31	day	2000-05-31T00:00:00+00:00	Re: It's your adapter settings...	alt.games.everquest,comp.sys.ibm.pc.games.action,comp.sys.ibm.pc.games.adventure,comp.sys.ibm.pc.games.rpg	usenet-uat-pc-games	comp.sys.ibm.pc.games.action.usenet.7z	c953f1e48b2423e76d8a84320698db9105a033ac2f112bf98a56ed24622c33c8	1279
alt.games.everquest-15290883d9bc8ca0174afdee32e5734d789d2545743c3af84a81e44e8fd074ae.txt	<8GiMOfO=PTCjY1VqnxbQyM9y20u5@4ax.com>	<8GiMOfO=PTCjY1VqnxbQyM9y20u5@4ax.com>#1/1	2000/08/05	day	2000-08-05T00:00:00+00:00	Re: DiabloII_VS_Everquest Poll	alt.games.diablo,alt.games.everquest	usenet-uat-pc-games	alt.games.diablo.usenet.7z	030fd482d28057560f97bfa059c28194519f0d99b3158d6c99c66f57b921be3f	813
alt.games.everquest-ef913c0599130c1376bdf5124f9b4b98e7ebe7e57cc29b046585f601b0f87930.txt	<8blvn7$o1l$1@taliesin2.netcom.net.uk>	<8blvn7$o1l$1@taliesin2.netcom.net.uk>#1/1	2000/03/26	day	2000-03-26T00:00:00+00:00	Re: Aureal apparently winding down	alt.games.everquest,comp.sys.ibm.pc.games.action,comp.sys.ibm.pc.games.adventure,comp.sys.ibm.pc.games.rpg,comp.sys.ibm.pc.games.strategic	usenet-uat-pc-games	comp.sys.ibm.pc.games.action.usenet.7z	2ffc43009740b7f3efd59e293bf51c2e91cadc35c3bd42b61a0cb46fbd32aa62	1925
alt.games.everquest-9fbe81f361199f88c733a6f540252adfb99e273f55a6c8219316b5bf63652bfd.txt	<8c1lhi$npl$1@brokaw.wa.com>	<8c1lhi$npl$1@brokaw.wa.com>#1/1	2000/03/30	day	2000-03-30T00:00:00+00:00	Re: EA, Sega and Nintendo sue Yahoo?	alt.games.everquest,comp.sys.ibm.pc.games.action,comp.sys.ibm.pc.games.adventure,comp.sys.ibm.pc.games.rpg,comp.sys.ibm.pc.games.strategic	usenet-uat-pc-games	comp.sys.ibm.pc.games.action.usenet.7z	85f1b2ffff45aa6c3b337c1295513e4b5c58837bc58fac0403e507581fb8186a	1709
alt.games.everquest-db5a4653e5e7aa2853abce2bca5dd5f7b24024fcc41b0a220976dd5baeea0eb3.txt	<8d7enq$ipo$1@nnrp1.deja.com>	<8d7enq$ipo$1@nnrp1.deja.com>#1/1	2000/04/14	day	2000-04-14T00:00:00+00:00	Re: Microsoft admits to back door	alt.games.everquest,comp.sys.ibm.pc.games.action,comp.sys.ibm.pc.games.adventure,comp.sys.ibm.pc.games.rpg	usenet-uat-pc-games	comp.sys.ibm.pc.games.action.usenet.7z	794f3d97d8d81025ee461d4b3f0b0faa8be0c99e5f014ef278f63c0299933be4	1328
alt.games.everquest-32addb20c1bb61a4c3027f09924675cfda7afbc2c5687fc08373493a55aba2f1.txt	<8f1S5.12137$n9.815634@newsread2.prod.itd.earthlink.net>	<8f1S5.12137$n9.815634@newsread2.prod.itd.earthlink.net>	Mon, 20 Nov 2000 03:53:40 GMT	timestamp	2000-11-20T03:53:40+00:00	Re: Patch Released - SPAM, EOM	alt.games.baldurs-gate,alt.games.diablo,alt.games.doom,alt.games.everquest	usenet-alt	alt.games.baldurs-gate.mbox.zip	0e01b24f1a0f671c980096d62981d0902ba8b26f17637c1ea47d5852825db941	1520
alt.games.everquest-25314c8ed879600c36b9ce8f23a5fb07a37ab7fa5c942f4971da3ca64915c015.txt	<8fhjcg$goi$1@nnrp1.deja.com>	<8fhjcg$goi$1@nnrp1.deja.com>#1/1	2000/05/12	day	2000-05-12T00:00:00+00:00	Re: Moment of silence please... My overclocked Guillemot GeForce video card is no more.	alt.games.everquest,comp.sys.ibm.pc.games.action,comp.sys.ibm.pc.games.adventure,comp.sys.ibm.pc.games.rpg	usenet-uat-pc-games	comp.sys.ibm.pc.games.action.usenet.7z	728af7fac92e6b72bfe0027c3936a0f155e7b42cdf327775dac828e31cb5079f	1524
alt.games.everquest-496cd60f767ed73ea1a9d40ec2d5ea414e00714aaebea27fab0bcdd8a8932691.txt	<8fp781$ffb$1@nnrp1.deja.com>	<8fp781$ffb$1@nnrp1.deja.com>#1/1	2000/05/15	day	2000-05-15T00:00:00+00:00	Re: Elsa Gladiac GeForce 2 GTS	alt.games.everquest,comp.sys.ibm.pc.games.action,comp.sys.ibm.pc.games.adventure,comp.sys.ibm.pc.games.rpg	usenet-uat-pc-games	comp.sys.ibm.pc.games.action.usenet.7z	65f680ea06e708200933d8adecb35fc541114f5c8d5f004967eb563a62d2c34f	1543
alt.games.everquest-7654a9264e97d713555e88a8a5a560fc61f16165c85d9ed0566451a91016648d.txt	<8h286r$iqf$1@nnrp1.deja.com>	<8h286r$iqf$1@nnrp1.deja.com>#1/1	2000/05/31	day	2000-05-31T00:00:00+00:00	It's your adapter settings...	alt.games.everquest,comp.sys.ibm.pc.games.action,comp.sys.ibm.pc.games.adventure,comp.sys.ibm.pc.games.rpg	usenet-uat-pc-games	comp.sys.ibm.pc.games.action.usenet.7z	41141976960883ff48b86f48006c28f150cdd0e0cfc9ab068f24a2ad366764d6	929
alt.games.everquest-df2f8af13435d135420371ff3e56abb702a4355dcdf03de3bd5476200667c629.txt	<8h3gms$2n5$1@nntp9.atl.mindspring.net>	<8h3gms$2n5$1@nntp9.atl.mindspring.net>#1/1	2000/05/31	day	2000-05-31T00:00:00+00:00	Re: It's your adapter settings...	alt.games.everquest,comp.sys.ibm.pc.games.adventure,comp.sys.ibm.pc.games.rpg	usenet-uat-pc-games	comp.sys.ibm.pc.games.adventure.usenet.7z	21e61b0c1b888441ba65102b862b9dde4a5708e324504709298ae0e4006a284e	1011
alt.games.everquest-b8165c0206ebd9b0178f072f67560036204709307a8a696970e94307d0d6ec48.txt	<8mdsh3$8n9$1@newstoo.ericsson.se>	<8mdsh3$8n9$1@newstoo.ericsson.se>#1/1	2000/08/04	day	2000-08-04T00:00:00+00:00	DiabloII_VS_Everquest Poll	alt.games.diablo,alt.games.everquest	usenet-uat-pc-games	alt.games.diablo.usenet.7z	0802c6f9aeb057c355a3e3c28149add314ac841ff784bb967b1e84b621846050	546
alt.games.everquest-81717be25120f89bce50099953cc1054cc6711023b49b46b9bd399c652b5bfbb.txt	<8mdt5t$9gr$1@newstoo.ericsson.se>	<8mdt5t$9gr$1@newstoo.ericsson.se>#1/1	2000/08/04	day	2000-08-04T00:00:00+00:00	Re: DiabloII_VS_Everquest Poll	alt.games.diablo,alt.games.everquest	usenet-uat-pc-games	alt.games.diablo.usenet.7z	79be10be48101ea946deaca919634f667057d859cdd5a5a28ac1bdfb727d1896	815
alt.games.everquest-5aac4880b2c94a573a874b970c57851a8f4c1c6d9440b7bde46db5b52289aba2.txt	<8s2v8g$2ti$1@slb0.atl.mindspring.net>	<8s2v8g$2ti$1@slb0.atl.mindspring.net>#1/1	2000/10/11	day	2000-10-11T00:00:00+00:00	Re: Verant Customer Service - what a joke !	comp.sys.ibm.pc.games.rpg,alt.games.everquest	usenet-uat-pc-games	comp.sys.ibm.pc.games.rpg.usenet.7z	fd01c75c736b6230fdef1565eeab98022e0774cbf5bea00fc49564d14b8518e7	1667
alt.games.everquest-845222da1892a5a9d8467c37e9f69cffa9ece1c13b58c2ede9867594513e9bb1.txt	<8s4krb$i6r$1@nnrp1.deja.com>	<8s4krb$i6r$1@nnrp1.deja.com>#1/1	2000/10/12	day	2000-10-12T00:00:00+00:00	Re: Verant Customer Service - what a joke !	comp.sys.ibm.pc.games.rpg,alt.games.everquest	usenet-uat-pc-games	comp.sys.ibm.pc.games.rpg.usenet.7z	16b10842ae0549dbd2c0d1a7ff4edb09e29621fef44b96d828cf577f0f3ff085	2074
alt.games.everquest-666237cb03d2a604cce9c77c533d3af876cdec3785f4298529e05a497b9e67a9.txt	<8s508s$sug$1@nnrp1.deja.com>	<8s508s$sug$1@nnrp1.deja.com>#1/1	2000/10/12	day	2000-10-12T00:00:00+00:00	Re: Verant Customer Service - what a joke !	comp.sys.ibm.pc.games.rpg,alt.games.everquest	usenet-uat-pc-games	comp.sys.ibm.pc.games.rpg.usenet.7z	3b7ea6f37108b1ca820380e6bed184a425c2b88a586c24eb004ab7cacb5640c6	1535
alt.games.everquest-e9ccd3fa732f3752487321463fb402584493beb0f65b917cc582b350dc039bdf.txt	<925130786.740.103@news.remarQ.com>	<925130786.740.103@news.remarQ.com>#1/1	1999/04/26	day	1999-04-26T00:00:00+00:00	Re: 14 days and still NO SUPPORT for EQ	alt.games.everquest,comp.sys.ibm.pc.games.rpg	usenet-uat-pc-games	comp.sys.ibm.pc.games.rpg.usenet.7z	4e0cfc846ed9e86815742e135d7f688917e85fb9890bf848aa032a31382c5114	1549
alt.games.everquest-fea2fd67332e6e3891205cb1a64f46fe2ed5e5d975269cec5a6536221f4f9e63.txt	<925159397.255.10@news.remarQ.com>	<925159397.255.10@news.remarQ.com>#1/1	1999/04/26	day	1999-04-26T00:00:00+00:00	Re: 14 days and still NO SUPPORT for EQ	alt.games.everquest,comp.sys.ibm.pc.games.rpg	usenet-uat-pc-games	comp.sys.ibm.pc.games.rpg.usenet.7z	f090931f2874d6d7a572cf1120483068f4575ca0ed57a5b23bdc2329f34125f7	2004
alt.games.everquest-4c9ded9c8eb831ef7c217a2a0c856e34d8ce99a5316b4912dec1f8168c008f81.txt	<925214791.724.38@news.remarQ.com>	<925214791.724.38@news.remarQ.com>#1/1	1999/04/27	day	1999-04-27T00:00:00+00:00	Re: 14 days and still NO SUPPORT for EQ	alt.games.everquest,comp.sys.ibm.pc.games.rpg	usenet-uat-pc-games	comp.sys.ibm.pc.games.rpg.usenet.7z	efaa5e824552e298332b5805e4310a054d1a9de9691c0a169147612e7189781e	1521
alt.games.everquest-8c40b0a4b9350323838794d9b0391b5227d882d8793ee80ba8920080c3d04693.txt	<925236727.662.44@news.remarQ.com>	<925236727.662.44@news.remarQ.com>#1/1	1999/04/27	day	1999-04-27T00:00:00+00:00	Re: 14 days and still NO SUPPORT for EQ	alt.games.everquest,comp.sys.ibm.pc.games.rpg	usenet-uat-pc-games	comp.sys.ibm.pc.games.rpg.usenet.7z	b80f35d579c98199dc346567a4d8098dffbe0c9b1a6e75a7edfbe738014a0156	2403
alt.games.everquest-fe5407ed837a7601ac8e35df0a2c63579b7653afe3966a5d9d9c60b0b4cfa5a8.txt	<925237329.600.11@news.remarQ.com>	<925237329.600.11@news.remarQ.com>#1/1	1999/04/27	day	1999-04-27T00:00:00+00:00	Re: 14 days and still NO SUPPORT for EQ	alt.games.everquest,comp.sys.ibm.pc.games.rpg	usenet-uat-pc-games	comp.sys.ibm.pc.games.rpg.usenet.7z	118623494e88cac3349fa394b480d0b5f86eb0e2733e5706af1e9297fe4b36b6	1323
alt.games.everquest-66c1daf40b4175cfcc7b654d6268d68f76ecb5c50bc89a7d594e2a8f69d78da0.txt	<925309319.112.70@news.remarQ.com>	<925309319.112.70@news.remarQ.com>#1/1	1999/04/28	day	1999-04-28T00:00:00+00:00	Re: 14 days and still NO SUPPORT for EQ	alt.games.everquest,comp.sys.ibm.pc.games.rpg	usenet-uat-pc-games	comp.sys.ibm.pc.games.rpg.usenet.7z	2f27daf7f850d7e60e51d2efda6500c108907555ac6f060a5a701939187a7b72	1127
alt.games.everquest-ada00f179450ef670116344e3161b768c97d4caff169681009bf55e90fd0416c.txt	<96vmasgljpg353b3kukapb12gtemurpi3t@4ax.com>	<96vmasgljpg353b3kukapb12gtemurpi3t@4ax.com>#1/1	2000/02/16	day	2000-02-16T00:00:00+00:00	Re: Latest on legislation directly afffecting you as a software consumer	alt.games.everquest,comp.sys.ibm.pc.games.rpg,comp.sys.ibm.pc.games.strategic	usenet-uat-pc-games	comp.sys.ibm.pc.games.rpg.usenet.7z	ed8003c476c5a3e93c983b3fd5bca5c30d30d7e5f9132dbc928098eea26d12a8	1709
alt.games.everquest-f958ec7b008b85f705c098cae6e4f73c64705c190314fd2ca54e63c0eeeaa635.txt	<9BE53.63$DB1.5244@iagnews.iagnet.net>	<9BE53.63$DB1.5244@iagnews.iagnet.net>	1999/06/03	day	1999-06-03T00:00:00+00:00	Re: Warning! Off subject. Star wars review.	alt.games.everquest,comp.sys.ibm.pc.games.adventure,comp.sys.ibm.pc.games.rpg	usenet-uat-pc-games	comp.sys.ibm.pc.games.adventure.usenet.7z	5e4d4434fc8b3f2762efb908396287a1ba3ef9932aa3febe66fa82de9341aa68	6799
alt.games.everquest-f85582eaef46cf3924985786dc29803f417decd4a4ae123a3120bcef1642e38e.txt	<B60A45BD.98FC%magpie13@pacbell.net>	<B60A45BD.98FC%magpie13@pacbell.net>#1/1	2000/10/11	day	2000-10-11T00:00:00+00:00	Re: Verant Customer Service - what a joke !	comp.sys.ibm.pc.games.rpg,alt.games.everquest	usenet-uat-pc-games	comp.sys.ibm.pc.games.rpg.usenet.7z	18c0d65f98f719e8352c45fb51572a3ef7cc7b0d52de654b24a4f81932c6982e	1699
alt.games.everquest-ef1e27349ca0ac24d0f485fd8c9170cb6af6a8c7980d1a9ce2c25df6d675e058.txt	<C2eJ2.10381$_k1.6748@news.chello.at>	<C2eJ2.10381$_k1.6748@news.chello.at>#1/1	1999/03/21	day	1999-03-21T00:00:00+00:00	Re: Don't get down on people who complain!	alt.games.everquest,comp.sys.ibm.pc.games.rpg	usenet-uat-pc-games	comp.sys.ibm.pc.games.rpg.usenet.7z	29ceabc5fddb5bc2eceaa25323840a3213573c370fc198576fc8b706bcdd429b	2166
alt.games.everquest-8036bf03322453da0eda895501bc1b21d48633a193e41ce43da46548c3031a67.txt	<C6JXOEb+nIfKOK+Dj=kp=H=9FDxm@4ax.com>	<C6JXOEb+nIfKOK+Dj=kp=H=9FDxm@4ax.com>#1/1	1999/12/15	day	1999-12-15T00:00:00+00:00	Re: FS at ebay, account and game.	comp.sys.ibm.pc.games.rpg,alt.games.everquest	usenet-uat-pc-games	comp.sys.ibm.pc.games.rpg.usenet.7z	9f077c822fd9b5caa9bc072bc88b98e5ed303e8e35cca6d9405aadbaaecf0a44	1421
alt.games.everquest-c80349408d18b6dc28e6ca64486abd2cffba0ef0efaf53b7e665e8d6f3393431.txt	<CarV2.131$I3.458@wormhole.dimensional.com>	<CarV2.131$I3.458@wormhole.dimensional.com>#1/1	1999/04/27	day	1999-04-27T00:00:00+00:00	Re: time for a new thread	alt.games.everquest,comp.sys.ibm.pc.games.rpg	usenet-uat-pc-games	comp.sys.ibm.pc.games.rpg.usenet.7z	4e487a53ab4a93db0401b822c71a143afd41f19f2e39056d0166d2e44cbe78e2	1288
alt.games.everquest-a4d2ca4e9b017abd598ad1a598d8d0f30e622aabfc281629df08937717c727ca.txt	<Cw2V2.1$Ki4.27@www.bsu.edu>	<Cw2V2.1$Ki4.27@www.bsu.edu>#1/1	1999/04/26	day	1999-04-26T00:00:00+00:00	Re: 14 days and still NO SUPPORT for EQ	alt.games.everquest,comp.sys.ibm.pc.games.rpg	usenet-uat-pc-games	comp.sys.ibm.pc.games.rpg.usenet.7z	aea0414a3fc1c8c0a32ab9bca3427c9b296d31d2b435ef3b2a15faffffc83782	1065
alt.games.everquest-264db551f3b43efc01336ce176be68fb47b7ebcc2153c0d6600c415c7cdbae97.txt	<DeEq4.545$O43.23245@newsread2.prod.itd.earthlink.net>	<DeEq4.545$O43.23245@newsread2.prod.itd.earthlink.net>#1/1	2000/02/16	day	2000-02-16T00:00:00+00:00	Re: Latest on legislation directly afffecting you as a software consumer	alt.games.everquest,comp.sys.ibm.pc.games.rpg,comp.sys.ibm.pc.games.strategic	usenet-uat-pc-games	comp.sys.ibm.pc.games.rpg.usenet.7z	6b16d3bb33a446944f1a0b5bd4f5950ff5c18059594e3518623dabe5f1367fa5	2026
alt.games.everquest-5cafb49669bcee2dcdb317df56d540e5ba69d68f010f8912f3f7669ab51fa469.txt	<EclJ2.699$8A2.2022@news.flash.net>	<EclJ2.699$8A2.2022@news.flash.net>#1/1	1999/03/22	day	1999-03-22T00:00:00+00:00	Re: EQ: Don't get down on people who complain!	alt.games.everquest,comp.sys.ibm.pc.games.rpg	usenet-uat-pc-games	comp.sys.ibm.pc.games.rpg.usenet.7z	ecbce3aef39e4e0d5300a650b958e3977a95599cbd686e87a7dd3b2771fb371c	1493
alt.games.everquest-68cd43241b6751cecfdddda8bc06cca339a09e3340216dfadf1420a3b7d199f6.txt	<F36BC0BD6D2A82FB.3DBAD65E24E752A8.E4677D9C61B6FDD4@library-proxy.airnews.net>	<F36BC0BD6D2A82FB.3DBAD65E24E752A8.E4677D9C61B6FDD4@library-proxy.airnews.net>#1/1	1999/04/01	day	1999-04-01T00:00:00+00:00	Re: EQ: Some newbie-ish questions	comp.sys.ibm.pc.games.rpg,alt.games.everquest	usenet-uat-pc-games	comp.sys.ibm.pc.games.rpg.usenet.7z	7971853c172eddc6a7421d258f304cc9e4d1450cb88e4c3b94a413e6fd39b5ca	2249
alt.games.everquest-d29a0a71e6b6ed9c58c6a21744a2d8a12db7d60a6640e44827e915865f2cc2e1.txt	<HWBi5.1373$TF.40965@wagner.videotron.net>	<HWBi5.1373$TF.40965@wagner.videotron.net>#1/1	2000/08/04	day	2000-08-04T00:00:00+00:00	Re: DiabloII_VS_Everquest Poll	alt.games.diablo,alt.games.everquest	usenet-uat-pc-games	alt.games.diablo.usenet.7z	7c237ef476bce3a9d17df5f0be9837b1abdce6865bff1f5a53ffe2d03ef39f46	965
alt.games.everquest-732a6f4661f6795a20b607baf7e1d39dbcaa1a7305cafbd37eb36a6c80aac479.txt	<IJRE4.24385$E85.598633@news1.rdc1.md.home.com>	<IJRE4.24385$E85.598633@news1.rdc1.md.home.com>#1/1	2000/03/30	day	2000-03-30T00:00:00+00:00	Re: Aureal apparently winding down	alt.games.everquest,comp.sys.ibm.pc.games.action,comp.sys.ibm.pc.games.adventure,comp.sys.ibm.pc.games.rpg,comp.sys.ibm.pc.games.strategic	usenet-uat-pc-games	comp.sys.ibm.pc.games.action.usenet.7z	fbc60254319589d91c7ecc60fdeafb17eb8edd6ad9b9f5c48f0a14d641779f56	1194
alt.games.everquest-85956beee2adf87f68cc15769eb99bb8586a783d460ebfc4ffc68266f2d6ef65.txt	<IMYC185921D4C@imiyct.demon.co.uk>	<IMYC185921D4C@imiyct.demon.co.uk>#1/1	1999/06/16	day	1999-06-16T00:00:00+00:00	Re: Warning! Off subject. Star wars review.	alt.games.everquest,comp.sys.ibm.pc.games.adventure,comp.sys.ibm.pc.games.rpg	usenet-uat-pc-games	comp.sys.ibm.pc.games.adventure.usenet.7z	2ee51bc2130c2359bada732813d369cb03042a78a2e2d6c3c45ffd2055e93e61	1810
alt.games.everquest-1d852e26fcc7db0d367262946e6fcb287872780e0efd71307a8727e174c5f777.txt	<IMYC186521F8D@imiyct.demon.co.uk>	<IMYC186521F8D@imiyct.demon.co.uk>#1/1	1999/06/16	day	1999-06-16T00:00:00+00:00	Re: Warning! Off subject. Star wars review.	alt.games.everquest,comp.sys.ibm.pc.games.adventure,comp.sys.ibm.pc.games.rpg	usenet-uat-pc-games	comp.sys.ibm.pc.games.adventure.usenet.7z	a82409191449f4be858395e1499b4a2820f2d9e167171b23ce85d529613515b8	1595
alt.games.everquest-44d5b8a557d0dd1c5252085b056c2e29211a8476dbc94d61dd5280ef12dbde00.txt	<JCf33.192$iI2.436@news.flash.net>	<JCf33.192$iI2.436@news.flash.net>#1/1	1999/05/27	day	1999-05-27T00:00:00+00:00	"Re: another ""Wish I had done something else"" EQ Night"	alt.games.everquest,comp.sys.ibm.pc.games.rpg	usenet-uat-pc-games	comp.sys.ibm.pc.games.rpg.usenet.7z	b1dba9d425e037df4917478f17270d6114954d9f45f32099a53e6bd98655f888	3540
alt.games.everquest-429ec761003cb2c9564cc2fc370021547263dccf2d99591e256126033547c159.txt	<JmOU2.687$7d2.26642@weber.videotron.net>	<JmOU2.687$7d2.26642@weber.videotron.net>#1/1	1999/04/25	day	1999-04-25T00:00:00+00:00	Re: 14 days and still NO SUPPORT for EQ	alt.games.everquest,comp.sys.ibm.pc.games.rpg	usenet-uat-pc-games	comp.sys.ibm.pc.games.rpg.usenet.7z	e136ddbb2bf062a14ae3cada45dd54a02064be943c500f5c4e7a350b460c7827	616
alt.games.everquest-dee0ecb669ed1a299c4aebc46f4f300a859268df28a3a6e3a55944e5ba8e120f.txt	<KLBq4.1340$8k3.15054@news1.rdc1.sdca.home.com>	<KLBq4.1340$8k3.15054@news1.rdc1.sdca.home.com>#1/1	2000/02/16	day	2000-02-16T00:00:00+00:00	Re: Latest on legislation directly afffecting you as a software consumer	alt.games.everquest,comp.sys.ibm.pc.games.rpg,comp.sys.ibm.pc.games.strategic	usenet-uat-pc-games	comp.sys.ibm.pc.games.rpg.usenet.7z	e0b72adebedd21948340d8ccab2f934237aeb4b22cf0c9a6d8e8688db21137ce	2741
alt.games.everquest-b67e0f1d706f9420d0368735775afde242cc497b31112eea6316ef8b6c4bdde2.txt	<KMEl5.18968$c5.804405@news2.rdc1.on.home.com>	<KMEl5.18968$c5.804405@news2.rdc1.on.home.com>#1/1	2000/08/13	day	2000-08-13T00:00:00+00:00	Re: DiabloII_VS_Everquest Poll	alt.games.diablo,alt.games.everquest	usenet-uat-pc-games	alt.games.diablo.usenet.7z	812fc49d0cb7cd8405e9f488d9230687f2cde6ce559c0e8a3b592a82d415f37f	1138
alt.games.everquest-44ac3d225d1bc0a62a0598d751be2f642e5417dd4e6b5ee30f53ae07d7baa92c.txt	<LF_G5.16173$Qf5.270632@newsread1.prod.itd.earthlink.net>	<LF_G5.16173$Qf5.270632@newsread1.prod.itd.earthlink.net>#1/1	2000/10/17	day	2000-10-17T00:00:00+00:00	Re: Verant Customer Service - what a joke !	comp.sys.ibm.pc.games.rpg,alt.games.everquest	usenet-uat-pc-games	comp.sys.ibm.pc.games.rpg.usenet.7z	a710c2437d1e81eeb2ec830dba681bf53cf02d44516ee84e48d2d1f7d0b0075d	1465
alt.games.everquest-c65c2cdf767046900e5fe89599edd772cf8509494e59d47d3c6cabbc7a9c7cc6.txt	<MPG.115f4d2cde544bca98968a@news.enteract.com>	<MPG.115f4d2cde544bca98968a@news.enteract.com>#1/1	1999/03/21	day	1999-03-21T00:00:00+00:00	- Agreed - I hold Sony's/Verant at fault... I don't want to hear excuses	alt.games.everquest,comp.sys.ibm.pc.games.rpg	usenet-uat-pc-games	comp.sys.ibm.pc.games.rpg.usenet.7z	3a248c63d5098e5ab9f1f83dc22e07de4610aa0f858590c9e2827f9da520c44e	1016
alt.games.everquest-d44ac2f6ab0e0e8dee5012370c0051c38f5c7b2395fc95fa72db02e2ac60ce9d.txt	<MPG.1170fb1ea678a7a99898ff@news.net1plus.com>	<MPG.1170fb1ea678a7a99898ff@news.net1plus.com>#1/1	1999/04/04	day	1999-04-04T00:00:00+00:00	Re: I want EQ, but have questions first. Please help!	alt.games.everquest,comp.sys.ibm.pc.games.rpg	usenet-uat-pc-games	comp.sys.ibm.pc.games.rpg.usenet.7z	3b4003fc4a5cbc883847792cf7abea4f7e143e879124225d231de4647c6e9a8c	1486
alt.games.everquest-0912746ee8a9ba8dc64dde2029a712a3cc8f2ab51cf9b69f527cb0802d405242.txt	<MPG.118af7bbf1bf801f989767@news-server>	<MPG.118af7bbf1bf801f989767@news-server>#1/1	1999/04/24	day	1999-04-24T00:00:00+00:00	14 days and still NO SUPPORT for EQ	alt.games.everquest,comp.sys.ibm.pc.games.rpg	usenet-uat-pc-games	comp.sys.ibm.pc.games.rpg.usenet.7z	0e966b4a01d2794bdc0125df2ab8cf81c613d4ad9eb76147bc4edb7c03cca749	1132
alt.games.everquest-42f3593726e3df89e8c9442720c79c0427151d2bf932ca37a61bff5571cae9df.txt	<OVaV2.1108$Dg6.321@news.flash.net>	<OVaV2.1108$Dg6.321@news.flash.net>#1/1	1999/04/27	day	1999-04-27T00:00:00+00:00	Re: 14 days and still NO SUPPORT for EQ	alt.games.everquest,comp.sys.ibm.pc.games.rpg	usenet-uat-pc-games	comp.sys.ibm.pc.games.rpg.usenet.7z	0ca4281c119c1b11c44d461013a7be399b6ef2e070cdf97a12fb2a7bd51db71c	1209
alt.games.everquest-50848e9205ebdda643ed4a144c187074a8018834f489f7e1f29cf88b90a771d2.txt	<OjiWQwOj#GA.239@cpmsnbbsa02>	<OjiWQwOj#GA.239@cpmsnbbsa02>#1/1	1999/04/22	day	1999-04-22T00:00:00+00:00	Re: EverQuest:Follow Up Take	comp.sys.ibm.pc.games.rpg,alt.games.everquest	usenet-uat-pc-games	comp.sys.ibm.pc.games.rpg.usenet.7z	a119182dfc7386faeca7a4406ebb199a2e708a4a14ae118d1b022ffeaaf112a2	1942
alt.games.everquest-78a8ebe6bc1d922dc40042e0911b549f170b733cf591b6cb8b26210cccbde066.txt	<Pine.SOL.3.96.990318130644.23779A-100000@ux4.cso.uiuc.edu>	<Pine.SOL.3.96.990318130644.23779A-100000@ux4.cso.uiuc.edu>#1/1	1999/03/18	day	1999-03-18T00:00:00+00:00	Everquest - Total Newbie Q	comp.sys.ibm.pc.games.rpg,alt.games.everquest	usenet-uat-pc-games	comp.sys.ibm.pc.games.rpg.usenet.7z	cd97ad331c1f3182362f340980e22be636f878698926d8dfb04ca6ecfc96ebf4	772
alt.games.everquest-d10fe0e12c9dda3d61c0e43363d689e6c9032d426af5c916c0a6624bc8d9fd8f.txt	<Pine.SUN.3.96.990601122438.23756A-100000@kira>	<Pine.SUN.3.96.990601122438.23756A-100000@kira>#1/1	1999/06/01	day	1999-06-01T00:00:00+00:00	Re: Warning! Off subject. Star wars review.	alt.games.everquest,comp.sys.ibm.pc.games.adventure,comp.sys.ibm.pc.games.rpg	usenet-uat-pc-games	comp.sys.ibm.pc.games.adventure.usenet.7z	943ecd3bee817497556855ce2578b5eaf78c2ed45b0c7f7472ad5285055b8987	2069
alt.games.everquest-a497aecadd0600c97d28cfda919e02e81b2e6afbb5c9e4c580d760c97fd4d853.txt	<Q66T2.855$Gi3.25@news.flash.net>	<Q66T2.855$Gi3.25@news.flash.net>#1/1	1999/04/20	day	1999-04-20T00:00:00+00:00	Re: EverQuest:Follow Up Take	comp.sys.ibm.pc.games.rpg,alt.games.everquest	usenet-uat-pc-games	comp.sys.ibm.pc.games.rpg.usenet.7z	946d6b1823715922f6aa31bcb8fc668b03a7e5046108862f3933a5628cb03422	2465
alt.games.everquest-c8af34cc4b78a82e625c046560e23a4807705298b1c1dc62cc9339b6d4930035.txt	<R3CnOBcuusS0QmhkYJwrdnipF6MQ@4ax.com>	<R3CnOBcuusS0QmhkYJwrdnipF6MQ@4ax.com>#1/1	2000/02/14	day	2000-02-14T00:00:00+00:00	Re: Latest on legislation directly afffecting you as a software consumer	alt.games.everquest,comp.sys.ibm.pc.games.rpg,comp.sys.ibm.pc.games.strategic	usenet-uat-pc-games	comp.sys.ibm.pc.games.rpg.usenet.7z	dae85910100f71fad294dc89248f4e8b7adea1682a42a576dc4febcbfb67e9fc	1988
alt.games.everquest-1e0f9a1b02c291f334703f2da335b5143efa7997418227ecb29fea99cba8ae08.txt	<R8Dq4.1495$8k3.16356@news1.rdc1.sdca.home.com>	<R8Dq4.1495$8k3.16356@news1.rdc1.sdca.home.com>#1/1	2000/02/16	day	2000-02-16T00:00:00+00:00	Re: Latest on legislation directly afffecting you as a software consumer	alt.games.everquest,comp.sys.ibm.pc.games.rpg,comp.sys.ibm.pc.games.strategic	usenet-uat-pc-games	comp.sys.ibm.pc.games.rpg.usenet.7z	0df340107dac74d9f6edb0e81b4b768c90c4e7386524e01c053c55030dd0fa10	5062
alt.games.everquest-1449f9ac8d59a9a7becee29dc35f0bbc135980d9d105f066d1fd934d8721849d.txt	<TFbI2.14316$3I2.52693@newscene.newscene.com>	<TFbI2.14316$3I2.52693@newscene.newscene.com>#1/1	1999/03/18	day	1999-03-18T00:00:00+00:00	Re: Everquest - Early Comments	comp.sys.ibm.pc.games.rpg,alt.games.everquest	usenet-uat-pc-games	comp.sys.ibm.pc.games.rpg.usenet.7z	ce10c7d69b649b52d2bf86489a741e92aec9358405b3b9bf99fd73dc775b0ec6	4456
alt.games.everquest-9992ff1b4aaf77ab0335f794149e23fc46458d7757302b97072bc6db17ae3fea.txt	<TlOJ2.12164$_k1.8718@news.chello.at>	<TlOJ2.12164$_k1.8718@news.chello.at>#1/1	1999/03/23	day	1999-03-23T00:00:00+00:00	Re: Don't get down on people who complain!	alt.games.everquest,comp.sys.ibm.pc.games.rpg	usenet-uat-pc-games	comp.sys.ibm.pc.games.rpg.usenet.7z	433cdc1302afc5b061bcdf340ac98a0d00e125a2c0f9bef5c79a400843ecd38d	1548
alt.games.everquest-d8e3134824147d882b20867f54f7f2cf4b8a5ad073a16a8e125a3881ba3f7720.txt	<UftD4.15338$x65.1053343@news1.rdc2.tx.home.com>	<UftD4.15338$x65.1053343@news1.rdc2.tx.home.com>#1/1	2000/03/26	day	2000-03-26T00:00:00+00:00	Aureal apparently winding down	alt.games.everquest,comp.sys.ibm.pc.games.action,comp.sys.ibm.pc.games.adventure,comp.sys.ibm.pc.games.rpg,comp.sys.ibm.pc.games.strategic	usenet-uat-pc-games	comp.sys.ibm.pc.games.action.usenet.7z	469cdfc3de3b0f278a443dd2f0d3592183d3b1ea2bcb96f1f71f3f628e7206bc	1549
alt.games.everquest-08ccdddbeb8e57f492bb9d1ef9e0dd4e4deb5a51d3f25bd9ff344345505288fd.txt	<VA.00000178.00d988d3@eugenidesj.imb.com>	<VA.00000178.00d988d3@eugenidesj.imb.com>#1/1	1999/04/27	day	1999-04-27T00:00:00+00:00	Re: 14 days and still NO SUPPORT for EQ	alt.games.everquest,comp.sys.ibm.pc.games.rpg	usenet-uat-pc-games	comp.sys.ibm.pc.games.rpg.usenet.7z	c4a22172dc8572079fcc491b44f6b6ce385e96995cd25ec30b6bfa6d499612a8	1520
alt.games.everquest-30c78008759bac6685abf071c7057e5f0775cf7f4d24c1acc68442f08c9a1a32.txt	<WJf33.199$iI2.376@news.flash.net>	<WJf33.199$iI2.376@news.flash.net>#1/1	1999/05/27	day	1999-05-27T00:00:00+00:00	"Re: another ""Wish I had done something else"" EQ Night"	alt.games.everquest,comp.sys.ibm.pc.games.rpg	usenet-uat-pc-games	comp.sys.ibm.pc.games.rpg.usenet.7z	fc5a5a7ab66bc1e2b7f3b331857029d790e08d2dcc570141fc9d65e379edc217	3108
alt.games.everquest-823c2bfeab57fdd00770822254739fbe4bcab6a60049c5f1fff8f0f18d70a5b4.txt	<XuI43.4368$Qs6.72839@newse2.tampabay.rr.com>	<XuI43.4368$Qs6.72839@newse2.tampabay.rr.com>	1999/06/01	day	1999-06-01T00:00:00+00:00	Re: Warning! Off subject. Star wars review.	alt.games.everquest,comp.sys.ibm.pc.games.adventure,comp.sys.ibm.pc.games.rpg	usenet-uat-pc-games	comp.sys.ibm.pc.games.adventure.usenet.7z	26e672585ed2f4b3244c595a2b9aba9f1b5a1112df7da11e9ce2fd8ace72061c	6333
alt.games.everquest-7f210a3611c2f910ad367de9e2ebc1d1cc8591cdc65b7d29331483400adb2845.txt	<ZRTU2.207$Cm2.28767@newsgate.direct.ca>	<ZRTU2.207$Cm2.28767@newsgate.direct.ca>#1/1	1999/04/25	day	1999-04-25T00:00:00+00:00	Re: 14 days and still NO SUPPORT for EQ	alt.games.everquest,comp.sys.ibm.pc.games.rpg	usenet-uat-pc-games	comp.sys.ibm.pc.games.rpg.usenet.7z	770529e74dc5590fc33ff7cde731940837129f74c20b36bd908bb8d72604536f	1726
alt.games.everquest-05e494bd0c9c852ed349f7434913f7673cd9409e34993e3f59451c09527087f9.txt	<Zlwi5.23231$7W2.335237@news1.wwck1.ri.home.com>	<Zlwi5.23231$7W2.335237@news1.wwck1.ri.home.com>#1/1	2000/08/04	day	2000-08-04T00:00:00+00:00	Re: DiabloII_VS_Everquest Poll	alt.games.diablo,alt.games.everquest	usenet-uat-pc-games	alt.games.diablo.usenet.7z	c3ee93207f41864a003ef0eaa0c82484c52205d41f311727ff7328c2889ce7d3	1210
alt.games.everquest-bc12c8e005bdf9731e45211758994eb5184591cba386ebbe6b6744c11adbeaea.txt	<_VwJ2.11354$_k1.8006@news.chello.at>	<_VwJ2.11354$_k1.8006@news.chello.at>#1/1	1999/03/22	day	1999-03-22T00:00:00+00:00	Re: Don't get down on people who complain!	alt.games.everquest,comp.sys.ibm.pc.games.rpg	usenet-uat-pc-games	comp.sys.ibm.pc.games.rpg.usenet.7z	d255046e442e53c81808183b8019d6d86a1059c9c68585fc25e89184c7d43262	1225
alt.games.everquest-200c6eae90bea44758a12900c2faf8e903f97e5eb2f894245e747b7a4608c0df.txt	<_jvi5.2187$04.6393@news.iol.ie>	<_jvi5.2187$04.6393@news.iol.ie>#1/1	2000/08/04	day	2000-08-04T00:00:00+00:00	Re: DiabloII_VS_Everquest Poll	alt.games.diablo,alt.games.everquest	usenet-uat-pc-games	alt.games.diablo.usenet.7z	f4571fd79b638f33d30b91bc2b3de3cdf97ef7707a03cd72b9cb805694cf86bf	1239
alt.games.everquest-3c8d0ac34634baff2446c41f48230e2316cd21b66d6a8a3ac956acbd3011d743.txt	<ajconnor_nospam-2405990706080001@dhcp-87-139.acs.utexas.edu>	<ajconnor_nospam-2405990706080001@dhcp-87-139.acs.utexas.edu>#1/1	1999/05/24	day	1999-05-24T00:00:00+00:00	"Re: another ""Wish I had done something else"" EQ Night"	alt.games.everquest,comp.sys.ibm.pc.games.rpg	usenet-uat-pc-games	comp.sys.ibm.pc.games.rpg.usenet.7z	90844897b68b4edb59fc9b2c0d1c5d41734d51017fb950ff846b370f8f40fc41	2128
alt.games.everquest-414cdd4c7f5d253c453a65f5233e71b0e41416b788012e27a7bcefb70dc8522c.txt	<cj0I5.7364$rD3.265262@newsread2.prod.itd.earthlink.net>	<cj0I5.7364$rD3.265262@newsread2.prod.itd.earthlink.net>#1/1	2000/10/20	day	2000-10-20T00:00:00+00:00	Re: Verant Customer Service - what a joke !	comp.sys.ibm.pc.games.rpg,alt.games.everquest	usenet-uat-pc-games	comp.sys.ibm.pc.games.rpg.usenet.7z	f8a99f0cc81702a4ec851ebda10620865adac44fb7f7d8b25a641e911896811b	1766
alt.games.everquest-f7e11b23079bc84e9fc95658b55c1745e8359e4e13589e552651e539c58270a7.txt	<dbongardFCDEpH.7Hz@netcom.com>	<dbongardFCDEpH.7Hz@netcom.com>#1/1	1999/05/27	day	1999-05-27T00:00:00+00:00	Re: EverQuest:Follow Up Take	comp.sys.ibm.pc.games.rpg,alt.games.everquest	usenet-uat-pc-games	comp.sys.ibm.pc.games.rpg.usenet.7z	e1f955ad698ed96a7d38b64f6eff828f7e190f9d78e37f6ccc16ea0b7241ee19	2677
alt.games.everquest-127239e065551f1e81c2bc83d62bef6d2a06f7e8e4d9a9c12c82f82ef6cdb8cc.txt	<dforrest-2103991553580001@209.49.199.118>	<dforrest-2103991553580001@209.49.199.118>#1/1	1999/03/21	day	1999-03-21T00:00:00+00:00	Re: EQ: Don't get down on people who complain!	alt.games.everquest,comp.sys.ibm.pc.games.rpg	usenet-uat-pc-games	comp.sys.ibm.pc.games.rpg.usenet.7z	500231b2d72a2de8990474e467c4c40a8ab2b69f493b57726d955fc3ffdd4955	3179
alt.games.everquest-92e07f5bab33d72819205bde34fb2b6f01f4ccd6c5f56a249c5031a3b6db5bff.txt	<dmctdski6rmjubps6rvvi5miif6cg1inln@4ax.com>	<dmctdski6rmjubps6rvvi5miif6cg1inln@4ax.com>#1/1	2000/03/26	day	2000-03-26T00:00:00+00:00	Re: Aureal apparently winding down	alt.games.everquest,comp.sys.ibm.pc.games.action,comp.sys.ibm.pc.games.adventure,comp.sys.ibm.pc.games.rpg,comp.sys.ibm.pc.games.strategic	usenet-uat-pc-games	comp.sys.ibm.pc.games.action.usenet.7z	a118f9231045d94deb7fc510a2bc14f19fa0678b87c685df6dad50c65618531c	2015
alt.games.everquest-c1bbf20d1add10aeaab4cdd6f54a072b8a25b52f8e0cb048b18aa5b02e3e93aa.txt	<eGaN9LPs#GA.317@cpmsnbbsa02>	<eGaN9LPs#GA.317@cpmsnbbsa02>#1/1	1999/06/07	day	1999-06-07T00:00:00+00:00	Re: Warning! Off subject. Star wars review.	alt.games.everquest,comp.sys.ibm.pc.games.adventure,comp.sys.ibm.pc.games.rpg	usenet-uat-pc-games	comp.sys.ibm.pc.games.adventure.usenet.7z	af47d2e4bf245dabc6c20f15ee5a3b94b78455088a4d4afaa05b877f7affd249	2336
alt.games.everquest-69e9d2c11995751e23b0253b240b141122ecc80860bba0ebe1c76a0ae7a17174.txt	<eH9J2.9972$_k1.6686@news.chello.at>	<eH9J2.9972$_k1.6686@news.chello.at>#1/1	1999/03/21	day	1999-03-21T00:00:00+00:00	Re: Don't get down on people who complain!	alt.games.everquest,comp.sys.ibm.pc.games.rpg	usenet-uat-pc-games	comp.sys.ibm.pc.games.rpg.usenet.7z	cb84baee8f2752eb62a8509297ad5c120a1a8afad78f4af60b0afdb1dafe0b2f	3342
alt.games.everquest-df9b3bbe890497a6c95ba26ed473e803b1934769ab2010dc42d9bcf5c73c795f.txt	<fiddler-2505990817350001@patton.english.vt.edu>	<fiddler-2505990817350001@patton.english.vt.edu>#1/1	1999/05/25	day	1999-05-25T00:00:00+00:00	"Re: another ""Wish I had done something else"" EQ Night"	alt.games.everquest,comp.games,comp.sys.ibm.pc.games.rpg	usenet-uat-pc-games	comp.sys.ibm.pc.games.rpg.usenet.7z	4c3dea054fa75c6edc189f7768119ef82e46f2e09b0ab23dee50a4c99b799af4	914
alt.games.everquest-b96f9a79b83309f266a5e2c7bb2ccf2663f2fda5ece6b61c2618c4249e99187a.txt	<hoSnONjU2a8mUCQApCa2CZLS3OcJ@4ax.com>	<hoSnONjU2a8mUCQApCa2CZLS3OcJ@4ax.com>#1/1	2000/02/14	day	2000-02-14T00:00:00+00:00	Re: Latest on legislation directly afffecting you as a software consumer	alt.games.everquest,comp.sys.ibm.pc.games.rpg,comp.sys.ibm.pc.games.strategic	usenet-uat-pc-games	comp.sys.ibm.pc.games.rpg.usenet.7z	a0fed0d14bb940300f7fe24571191c14d0e52e51ab2f2229645c26e5848a8678	1405
alt.games.everquest-5ca55545e22aca3852ee34ad85c442ba1cff5d674d49499b9244c5363974c347.txt	<kNPN2.4190$LM.8144@news.rdc1.mi.home.com>	<kNPN2.4190$LM.8144@news.rdc1.mi.home.com>#1/1	1999/04/04	day	1999-04-04T00:00:00+00:00	Re: I want EQ, but have questions first. Please help!	alt.games.everquest,comp.sys.ibm.pc.games.rpg	usenet-uat-pc-games	comp.sys.ibm.pc.games.rpg.usenet.7z	f11d60e55144a3ddf50b2bef623fe35ff66c2cac83c6bae6b200f03311065257	1850
alt.games.everquest-f25ae3636a3ffe7154d2b5c7243de0a35b02b6231b6b5b73bd5db1ce6ad19b2a.txt	<kqr23.615$I7.331@news.flash.net>	<kqr23.615$I7.331@news.flash.net>	1999/05/25	day	1999-05-25T00:00:00+00:00	"Re: another ""Wish I had done something else"" EQ Night"	alt.games.everquest,comp.sys.ibm.pc.games.rpg	usenet-uat-pc-games	comp.sys.ibm.pc.games.rpg.usenet.7z	e7936a1a78049fbf5135cbed74f7ff7d66688f38c87554301f345d781a06359d	7380
alt.games.everquest-70c6621a9b0c96390745d996bdc86d557d2b2e88881c3a27573b4cc7e6781883.txt	<lPrT2.648$2p6.444@news.flash.net>	<lPrT2.648$2p6.444@news.flash.net>	1999/04/21	day	1999-04-21T00:00:00+00:00	Re: EverQuest:Follow Up Take	comp.sys.ibm.pc.games.rpg,alt.games.everquest	usenet-uat-pc-games	comp.sys.ibm.pc.games.rpg.usenet.7z	f27aaadedcaebf87ccc783100bf35a00a793fff66ef1496cd18d5009f762cde4	14360
alt.games.everquest-6a3ef75fac230fd1a766b80d3617b0a295f75b948de371c0420295602d6f366d.txt	<lecI2.47$qF3.39@dfw-read.news.verio.net>	<lecI2.47$qF3.39@dfw-read.news.verio.net>#1/1	1999/03/18	day	1999-03-18T00:00:00+00:00	Re: Everquest - Early Comments	comp.sys.ibm.pc.games.rpg,alt.games.everquest	usenet-uat-pc-games	comp.sys.ibm.pc.games.rpg.usenet.7z	226f419890e2d4d2e3ef0373863238528f20469e19619faf3c3e1de1e1f040f0	1147
alt.games.everquest-4c82a5d324c19e3630fdcdc5e64b375d3e954c587f386b0623e18147e8616eb2.txt	<lhpJ2.10750$_k1.7488@news.chello.at>	<lhpJ2.10750$_k1.7488@news.chello.at>#1/1	1999/03/22	day	1999-03-22T00:00:00+00:00	Re: Don't get down on people who complain!	alt.games.everquest,comp.sys.ibm.pc.games.rpg	usenet-uat-pc-games	comp.sys.ibm.pc.games.rpg.usenet.7z	71a3d00f52c95a0e5fde0c798e95ce9e878bd067c81a6c9db1d67dd2a2cb2a02	2476
alt.games.everquest-01ce0b1f321bcd8a58684d4e071f33ec9f5badaad049cabdfad1a38a90e40b6c.txt	<m1Dq4.10928$Zp1.341958@newsread1.prod.itd.earthlink.net>	<m1Dq4.10928$Zp1.341958@newsread1.prod.itd.earthlink.net>#1/1	2000/02/16	day	2000-02-16T00:00:00+00:00	Re: Latest on legislation directly afffecting you as a software consumer	alt.games.everquest,comp.sys.ibm.pc.games.rpg,comp.sys.ibm.pc.games.strategic	usenet-uat-pc-games	comp.sys.ibm.pc.games.rpg.usenet.7z	eae64398a64b25fd7320066b2c34a86f275520cd2050c4a577aec7cc422a9687	2534
alt.games.everquest-2a9fad4a43ccc83ade8f610e3e6a24e1d65ebb81cd545d30c05defb9c4bf6d99.txt	<p3bV2.1130$Dg6.1126@news.flash.net>	<p3bV2.1130$Dg6.1126@news.flash.net>#1/1	1999/04/27	day	1999-04-27T00:00:00+00:00	Re: 14 days and still NO SUPPORT for EQ	alt.games.everquest,comp.sys.ibm.pc.games.rpg	usenet-uat-pc-games	comp.sys.ibm.pc.games.rpg.usenet.7z	5b10c969c9d0c3bd7dc884dd452b7e59db016993c4a7a7e1b6bae9484f0b71bf	1291
alt.games.everquest-6d31262409907493aef4f69e49d6df2929e0dc7ca464d348ed669c8d9393d4a3.txt	<q7Mp4.546$KD.39023@news1.epix.net>	<q7Mp4.546$KD.39023@news1.epix.net>#1/1	2000/02/14	day	2000-02-14T00:00:00+00:00	Re: Latest on legislation directly afffecting you as a software consumer	alt.games.everquest,comp.sys.ibm.pc.games.rpg,comp.sys.ibm.pc.games.strategic	usenet-uat-pc-games	comp.sys.ibm.pc.games.rpg.usenet.7z	6b68d3d3e708e36c8670820b60714d7788db0b55dec8fc10eca18177aee560e0	848
alt.games.everquest-17217f83f78e524c92e085b8280b5302d9f319facaa1cf34250d5bc94582ffc2.txt	<rMgH5.30654$P82.3378883@news1.rdc1.ct.home.com>	<rMgH5.30654$P82.3378883@news1.rdc1.ct.home.com>#1/1	2000/10/18	day	2000-10-18T00:00:00+00:00	Re: Verant Customer Service - what a joke !	comp.sys.ibm.pc.games.rpg,alt.games.everquest	usenet-uat-pc-games	comp.sys.ibm.pc.games.rpg.usenet.7z	7be69dabd33dc0ab5c7a1bf8485fd9d16ae47782e3c7c9ff02cc6b81dce768c8	2205
alt.games.everquest-73858a4e76d14c1bae17226f30af5f8eb57acb81536d4762f32a711d24b400fe.txt	<rVTU2.208$Cm2.28934@newsgate.direct.ca>	<rVTU2.208$Cm2.28934@newsgate.direct.ca>#1/1	1999/04/25	day	1999-04-25T00:00:00+00:00	Re: 14 days and still NO SUPPORT for EQ	alt.games.everquest,comp.sys.ibm.pc.games.rpg	usenet-uat-pc-games	comp.sys.ibm.pc.games.rpg.usenet.7z	c801c1f1b067f4e6733e35fac71b2df9f4d185f600c588fbd15504ea86a79434	1132
alt.games.everquest-15e30a63c35cf66194f550a5bf4253fb57ad7e045a6cb4bb4ae6fbdf73085bf0.txt	<salveq5t2pd117@news.supernews.com>	<salveq5t2pd117@news.supernews.com>#1/1	2000/02/16	day	2000-02-16T00:00:00+00:00	Re: Latest on legislation directly afffecting you as a software consumer	alt.games.everquest,comp.sys.ibm.pc.games.rpg,comp.sys.ibm.pc.games.strategic	usenet-uat-pc-games	comp.sys.ibm.pc.games.rpg.usenet.7z	2ab4b009b036f88b1212694f1bc2e5fe6eaf4b351ae8a5e3891c85f2f52784b8	3797
alt.games.everquest-e602cfac592a6f1e19b8b282da10dc00e68f2a1e8b43b5895bef9faf42554f4d.txt	<salvgehv2pd39@news.supernews.com>	<salvgehv2pd39@news.supernews.com>#1/1	2000/02/16	day	2000-02-16T00:00:00+00:00	Re: Latest on legislation directly afffecting you as a software consumer	alt.games.everquest,comp.sys.ibm.pc.games.rpg,comp.sys.ibm.pc.games.strategic	usenet-uat-pc-games	comp.sys.ibm.pc.games.rpg.usenet.7z	0b846f4df6a92d55b857b16bc1edc9fbefd8aaf80ac12133f33b3bcfb3b80088	1856
alt.games.everquest-9f547a42d9e6a2b5076cefb5d1d253d65f8dadd3c3151a98cf7bc181f28fa714.txt	<slrn7i7buv.psm.cinnamon@shell.one.net>	<slrn7i7buv.psm.cinnamon@shell.one.net>#1/1	1999/04/25	day	1999-04-25T00:00:00+00:00	Re: 14 days and still NO SUPPORT for EQ	alt.games.everquest,comp.sys.ibm.pc.games.rpg	usenet-uat-pc-games	comp.sys.ibm.pc.games.rpg.usenet.7z	de7890b2a82b57da582922fc9a0a0d2fdca263b40d60a8af47de969586571130	709
alt.games.everquest-834d876f7451dfa299afd0790ebdb372fb1174d5f2c630b10b6cf2eff49ff13c.txt	<slrn8e8515.6ot.rezo@darkstar.qx.net>	<slrn8e8515.6ot.rezo@darkstar.qx.net>#1/1	2000/03/31	day	2000-03-31T00:00:00+00:00	Re: Aureal apparently winding down	alt.games.everquest,comp.sys.ibm.pc.games.action,comp.sys.ibm.pc.games.adventure,comp.sys.ibm.pc.games.rpg,comp.sys.ibm.pc.games.strategic	usenet-uat-pc-games	comp.sys.ibm.pc.games.action.usenet.7z	a0c46083b863e4870c2af8542e83108d002d031672384583bc0cb651662abd87	1458
alt.games.everquest-587f0dfb340b223dbdef46685be287bfe174b7da11c3557ef2e9d8d20d25ff0b.txt	<spearF8t736.KwH@netcom.com>	<spearF8t736.KwH@netcom.com>#1/1	1999/03/18	day	1999-03-18T00:00:00+00:00	Re: Everquest - Early Comments	comp.sys.ibm.pc.games.rpg,alt.games.everquest	usenet-uat-pc-games	comp.sys.ibm.pc.games.rpg.usenet.7z	b55ae7442db0edcd53697d9d9eff56d44f820df6775ec7b8cc471ce234fd3df8	4467
alt.games.everquest-9ae9f9d8d334195f7b0e700e7a8526f72501fa15c3833de41140ea0100e505fe.txt	<sw8H5.30622$P82.3322796@news1.rdc1.ct.home.com>	<sw8H5.30622$P82.3322796@news1.rdc1.ct.home.com>	Wed, 18 Oct 2000 03:10:16 GMT	timestamp	2000-10-18T03:10:16+00:00	Re: Verant Customer Service - what a joke !	comp.sys.ibm.pc.games.rpg,alt.games.everquest	usenet-uat-pc-games	comp.sys.ibm.pc.games.rpg.usenet.7z	85e6673b626e5c7ae2abc8f21db14e3948a90ae9cc6d20f338fe38e5f19b5f42	2098
alt.games.everquest-01930e67e6a9c6dde35d758a6969805e30377d10720965bad90db56b0c871143.txt	<u5XE4.22670$x65.1584116@news1.rdc2.tx.home.com>	<u5XE4.22670$x65.1584116@news1.rdc2.tx.home.com>#1/1	2000/03/31	day	2000-03-31T00:00:00+00:00	EA, Sega and Nintendo sue Yahoo?	alt.games.everquest,comp.sys.ibm.pc.games.action,comp.sys.ibm.pc.games.adventure,comp.sys.ibm.pc.games.rpg,comp.sys.ibm.pc.games.strategic	usenet-uat-pc-games	comp.sys.ibm.pc.games.action.usenet.7z	e2033f9a3dfc12384da44ee51d539056f3569eaec8ab8871f228f76a0d0ae94a	1225
alt.games.everquest-751cd0b5504e7f8d5f494c84241cf01177e20c4ff7672012411f297d7d225b09.txt	<ug3CQunc#GA.166@upnetnews02.moswest.msn.net>	<ug3CQunc#GA.166@upnetnews02.moswest.msn.net>#1/1	1999/03/19	day	1999-03-19T00:00:00+00:00	Re: Everquest - Early Comments	comp.sys.ibm.pc.games.rpg,alt.games.everquest	usenet-uat-pc-games	comp.sys.ibm.pc.games.rpg.usenet.7z	224fc8b4ae61555866a6e9cc3a11e3002d266513dfc427257bf17415f1429502	860
alt.games.everquest-cddda0843cbb7d727e295bd4db9d96a1ba8943d1c4eaf5bbdf3de010aa979ee3.txt	<uqoJ4zsp#GA.247@cpmsnbbsa03>	<uqoJ4zsp#GA.247@cpmsnbbsa03>#1/1	1999/05/25	day	1999-05-25T00:00:00+00:00	Re: Warning! Off subject. Star wars review.	alt.games.everquest,comp.sys.ibm.pc.games.adventure,comp.sys.ibm.pc.games.rpg	usenet-uat-pc-games	comp.sys.ibm.pc.games.adventure.usenet.7z	eef13de87d69c85a974a73f692563578e18edc16374cfc7649dda112871d07fc	1304
alt.games.everquest-4f0ae25d4d95998eec03943bd7f88e4689ae508f5d93d0483ea02e1cba97dd59.txt	<uzEZPNcu#GA.295@cpmsnbbsa03>	<uzEZPNcu#GA.295@cpmsnbbsa03>#1/1	1999/06/18	day	1999-06-18T00:00:00+00:00	Re: Warning! Off subject. Star wars review.	alt.games.everquest,comp.sys.ibm.pc.games.adventure,comp.sys.ibm.pc.games.rpg	usenet-uat-pc-games	comp.sys.ibm.pc.games.adventure.usenet.7z	51096cae660d3f25469f78e687ef103aaa4d85336367de8e8382908edfd97818	1469
alt.games.everquest-c2240b888282c4e0e06bd70dfca116f77784957e41ca80dabb24c224f4a27ef2.txt	<v58fas05ogdu1n2ah343rgt48n1q09mpq8@4ax.com>	<v58fas05ogdu1n2ah343rgt48n1q09mpq8@4ax.com>#1/1	2000/02/14	day	2000-02-14T00:00:00+00:00	Re: Latest on legislation directly afffecting you as a software consumer	alt.games.everquest,comp.sys.ibm.pc.games.rpg,comp.sys.ibm.pc.games.strategic	usenet-uat-pc-games	comp.sys.ibm.pc.games.rpg.usenet.7z	0b052aae876258b5739c61fb3906cff5b2c2f534ae4057e0d8992f64358e2558	1454
alt.games.everquest-f44fdacd41fff478735af56e50ec3247aa45af56ee2846fac9c379807b135c49.txt	<xdOM2.19082$oa3.170312@news.san.rr.com>	<xdOM2.19082$oa3.170312@news.san.rr.com>#1/1	1999/04/01	day	1999-04-01T00:00:00+00:00	Re: Some newbie-ish questions	comp.sys.ibm.pc.games.rpg,alt.games.everquest	usenet-uat-pc-games	comp.sys.ibm.pc.games.rpg.usenet.7z	9afedc34929b81957343bdec7811b30bd7d0b738073a0a2d8282d3263df2d393	2972
alt.games.everquest-4635f7f91de415298389ff378d7e012e16d2d83f55e8fe43b5b80d8a33bb18d4.txt	<xmBN2.2042$6H1.2392@news.rdc1.ne.home.com>	<xmBN2.2042$6H1.2392@news.rdc1.ne.home.com>#1/1	1999/04/04	day	1999-04-04T00:00:00+00:00	I want EQ, but have questions first. Please help!	alt.games.everquest,comp.sys.ibm.pc.games.rpg	usenet-uat-pc-games	comp.sys.ibm.pc.games.rpg.usenet.7z	69bf735e0920501f5d3b329443a45745494124cd6f5df421e35ed443ad9e5556	1154
alt.games.everquest-d1abf1ab9fcb9c8b2fc52bf67778977c609d0f8e133ab4a051a3a64321855161.txt	<xyOQ2.1$bb5.46@www.bsu.edu>	<xyOQ2.1$bb5.46@www.bsu.edu>#1/1	1999/04/13	day	1999-04-13T00:00:00+00:00	Re: I want EQ, but have questions first. Please help!	alt.games.everquest,comp.sys.ibm.pc.games.rpg	usenet-uat-pc-games	comp.sys.ibm.pc.games.rpg.usenet.7z	f959dfc6a0937ff0f5ee2bc81cfb1bdede08a9ae9956a572dff6ba1592f0273a	1011
alt.games.everquest-caf36fedbe48c7e750bc483fc440dda6cb4001cddef595bd3dfc52c3ae708470.txt	<zC6F5.469$_7.162499@typhoon.aracnet.com>	<zC6F5.469$_7.162499@typhoon.aracnet.com>#1/1	2000/10/11	day	2000-10-11T00:00:00+00:00	Re: Verant Customer Service - what a joke !	comp.sys.ibm.pc.games.rpg,alt.games.everquest	usenet-uat-pc-games	comp.sys.ibm.pc.games.rpg.usenet.7z	1c49144bf8342d7ade1bfd2ba55ca6360ecbf68ffb8700d3eef64f381f0ac7ec	1791
alt.games.everquest-8ae5a3750fe4743f347341e735ee70ed948123c60f2e00a9bc01544ac629eb81.txt	<zSBq4.26399$Nv1.2638494@news1.rdc2.tx.home.com>	<zSBq4.26399$Nv1.2638494@news1.rdc2.tx.home.com>#1/1	2000/02/16	day	2000-02-16T00:00:00+00:00	Re: Latest on legislation directly afffecting you as a software consumer	alt.games.everquest,comp.sys.ibm.pc.games.rpg,comp.sys.ibm.pc.games.strategic	usenet-uat-pc-games	comp.sys.ibm.pc.games.rpg.usenet.7z	b78e686baae51ebb97eb2b149fb2fdf735e1931e8af3ccc191a88ec3718434e6	2675
